learner_id,department,region,role_family,employee_band,training_type,enrolment_date,prior_python_score,course_minutes,engagement_score,manager_support_score,support_tickets_last_30d,completion_days,completed_on_time,department_encoded,prior_python_score_scaled
L10387,Operations,Remote,Technician,A,ML Foundations,15-02-2026,41.9,189.8,91.3,4.0,1,20.0,1,4,-0.6528576867973711
L10089,Sales,Remote,Associate,A,ML Foundations,07-02-2026,39.6,191.8,84.7,3.0,1,23.0,1,5,-0.7880431632442719
L10448,Operations,Manchester,Analyst,B,AI Awareness,10-03-2026,36.1,93.6,100.0,1.0,3,13.0,1,4,-0.9937601926199909
L10599,HR,Manchester,Technician,C,AI Awareness,05-01-2026,55.7,186.0,37.1,4.0,4,8.0,0,2,0.15825517188403537
L10227,IT,Edinburgh,Coordinator,B,Data Literacy,08-03-2026,10.6,237.5,47.9,1.0,1,15.0,0,3,-2.492555692357372
L10139,Operations,London,Analyst,A,Data Literacy,28-01-2026,51.6,243.0,77.7,2.0,4,19.0,1,4,-0.08272763395609263
L10522,Finance,Remote,Specialist,C,Responsible AI,28-03-2026,38.4,176.1,66.3,3.0,0,12.0,1,1,-0.85857471617309
L10284,Sales,London,Manager,B,AI Awareness,01-03-2026,53.3,177.4,87.8,2.0,2,10.0,0,5,0.017192066026399187
L10124,IT,Birmingham,Analyst,A,AI Awareness,07-01-2026,43.9,125.6,35.0,3.0,2,24.0,0,3,-0.5353050985826745
L10054,Sales,Edinburgh,Analyst,A,Python Basics,31-03-2026,53.3,98.8,53.0,1.0,1,14.0,0,5,0.017192066026399187
L10088,Sales,London,Specialist,B,Data Literacy,21-03-2026,74.8,159.7,66.0,5.0,3,9.0,1,5,1.280882389334387
L10527,IT,Bristol,Associate,B,AI Awareness,14-02-2026,46.2,117.2,100.0,3.0,0,0.0,1,3,-0.40011962213577323
L10192,Operations,Manchester,Coordinator,A,Responsible AI,05-02-2026,50.5,183.6,66.5,3.0,2,10.0,1,4,-0.1473815574741758
L10098,IT,London,Manager,D,ML Foundations,29-03-2026,64.0,56.3,76.7,4.0,1,4.0,1,3,0.6460984129750259
L10520,Customer Support,Bristol,Associate,B,Responsible AI,02-03-2026,45.5,150.7,92.9,1.0,3,29.0,1,0,-0.4412630280109172
L10002,Customer Support,Remote,Technician,B,Responsible AI,12-02-2026,48.6,57.8,33.2,2.0,3,17.0,0,0,-0.25905651627813747
L10062,Sales,Manchester,Associate,C,Python Basics,08-01-2026,66.4,107.8,77.4,3.0,2,16.0,1,5,0.787161518832662
L10299,Operations,Remote,Specialist,D,Python Basics,07-03-2026,29.9,175.5,80.2,5.0,2,5.0,1,4,-1.3581732160855504
L10091,Operations,Remote,Coordinator,B,Python Basics,23-02-2026,27.6,127.6,100.0,1.0,5,10.0,1,4,-1.4933586925324513
L10427,IT,Remote,Coordinator,D,Python Basics,14-02-2026,49.3,142.6,79.9,5.0,3,21.0,1,3,-0.2179131104029939
L10543,Operations,Leeds,Technician,A,Data Literacy,09-03-2026,23.6,186.6,51.6,2.0,3,21.0,0,4,-1.7284638689618443
L10396,Finance,Birmingham,Associate,A,Python Basics,25-01-2026,46.1,179.7,92.1,3.0,1,13.0,1,1,-0.4059972515465082
L10548,Customer Support,Manchester,Analyst,C,Python Basics,10-02-2026,55.3,84.4,58.7,1.0,2,13.0,0,0,0.13474465424109575
L10250,Support,London,Analyst,B,Responsible AI,07-03-2026,53.5,241.9,20.1,3.0,5,6.0,0,6,0.028947324847869008
L10060,Finance,Birmingham,Technician,B,Responsible AI,24-01-2026,58.2,157.4,25.1,2.0,1,18.0,0,1,0.3051959071524061
L10251,HR,Manchester,Associate,B,AI Awareness,26-03-2026,52.6,118.0,83.7,1.0,5,8.0,1,2,-0.023951339848744355
L10032,Finance,Birmingham,Specialist,D,Python Basics,12-02-2026,63.8,121.7,41.2,5.0,3,17.0,0,1,0.6343431541535561
L10376,HR,London,Coordinator,B,Data Literacy,01-02-2026,62.6,88.2,87.6,1.0,1,13.0,1,2,0.5638116012247384
L10308,HR,Edinburgh,Coordinator,C,Data Literacy,19-01-2026,47.8,234.6,41.9,5.0,2,12.0,0,2,-0.30607755156401634
L10040,HR,London,Technician,B,AI Awareness,not recorded,37.3,92.6,100.0,2.0,2,29.0,1,2,-0.9232286396911732
L10380,Sales,Manchester,Coordinator,B,Python Basics,21-03-2026,34.7,126.3,100.0,5.0,1,18.0,1,5,-1.0760470043702783
L10271,IT,Manchester,Coordinator,A,ML Foundations,03-04-2026,69.6,180.0,92.4,1.0,0,13.0,1,3,0.975245659976176
L10369,Finance,Leeds,Coordinator,C,Responsible AI,10-03-2026,75.6,158.6,74.4,3.0,2,8.0,1,1,1.3279034246202657
L10346,Finance,London,Specialist,A,Responsible AI,20-01-2026,56.6,166.9,19.5,3.0,1,1.0,0,1,0.21115383658064876
L10474,HR,Remote,Analyst,A,Responsible AI,23-01-2026,89.4,80.2,90.5,4.0,1,23.0,1,2,2.1390162833016726
L10538,Operations,London,Analyst,A,AI Awareness,21-01-2026,13.0,131.2,66.3,3.0,4,22.0,0,4,-2.3514925864997362
L10482,IT,Remote,Coordinator,C,ML Foundations,16-02-2026,61.1,100.0,57.0,4.0,2,15.0,1,3,0.475647160063716
L10037,IT,Bristol,Analyst,A,ML Foundations,31-03-2026,3.2,238.7,66.3,1.0,3,20.0,1,3,-2.927500268751749
L10212,Operations,Manchester,Technician,A,Data Literacy,12-01-2026,72.8,139.6,76.1,5.0,2,20.0,1,4,1.1633298011196906
L10231,Operations,London,Analyst,C,ML Foundations,26-02-2026,42.2,126.1,59.4,2.0,3,10.0,1,4,-0.6352247985651663
L10065,HR,Edinburgh,Associate,B,Data Literacy,03-03-2026,82.0,117.0,95.2,2.0,1,13.0,1,2,1.7040717069072948
L10068,Support,Remote,Associate,C,Data Literacy,08-03-2026,22.7,64.0,84.7,4.0,0,10.0,1,6,-1.781362533658458
L10373,Operations,Leeds,Technician,A,ML Foundations,24-01-2026,72.7,179.0,66.3,4.0,1,11.0,1,4,1.157452171708956
L10267,Finance,London,Technician,B,Data Literacy,10-01-2026,59.4,96.0,72.5,5.0,4,12.0,1,1,0.37572746008122376
L10072,Operations,Manchester,Associate,B,Python Basics,21-02-2026,75.7,121.6,44.7,3.0,1,11.0,0,4,1.333781054031001
L10174,Operations,London,Specialist,A,Data Literacy,12-03-2026,79.2,87.1,85.4,5.0,0,22.0,1,4,1.5394980834067198
L10181,Operations,Manchester,Analyst,A,Responsible AI,23-02-2026,53.3,52.5,37.3,1.0,4,13.0,0,4,0.017192066026399187
L10211,Support,Manchester,Analyst,C,Python Basics,16-02-2026,43.1,67.9,55.4,2.0,3,12.0,0,6,-0.582326133868553
L10556,IT,Cardiff,Technician,A,AI Awareness,23-01-2026,55.2,113.9,65.3,2.0,2,24.0,1,3,0.12886702483036125
L10146,Customer Support,Remote,Analyst,A,AI Awareness,22-01-2026,47.6,116.6,67.9,3.0,0,3.0,1,0,-0.3178328103854857
L10256,Customer Support,Cardiff,Manager,A,Data Literacy,16-02-2026,47.8,98.2,51.1,4.0,1,16.0,1,0,-0.30607755156401634
L10097,Sales,Bristol,Analyst,C,Python Basics,26-02-2026,87.5,177.4,83.5,2.0,1,16.0,1,5,2.0273413244977103
L10421,Finance,Edinburgh,Technician,C,AI Awareness,22-02-2026,24.8,132.5,23.2,1.0,5,11.0,0,1,-1.6579323160330264
L10368,IT,Cardiff,Manager,B,Python Basics,25-03-2026,80.0,148.3,60.4,2.0,0,8.0,1,3,1.5865191186925984
L10391,Sales,Bristol,Specialist,C,Data Literacy,23-03-2026,31.0,114.4,87.7,5.0,3,16.0,1,5,-1.2935192925674672
L10598,Operations,Birmingham,Manager,A,AI Awareness,21-01-2026,37.3,70.8,70.5,3.0,2,20.0,0,4,-0.9232286396911732
L10595,Sales,London,Associate,B,ML Foundations,03-03-2026,50.0,175.0,54.4,3.0,2,10.0,1,5,-0.17676970452784996
L10337,Operations,Manchester,Specialist,C,ML Foundations,26-03-2026,76.4,153.0,81.8,5.0,3,14.0,1,4,1.374924459906145
L10039,Customer Support,Manchester,Associate,A,Data Literacy,18-03-2026,49.8,123.3,87.4,3.0,3,12.0,1,0,-0.18852496334931979
L10109,Finance,Leeds,Technician,B,Python Basics,30-03-2026,19.1,58.3,62.3,3.0,3,6.0,0,1,-1.9929571924449117
L10055,HR,Birmingham,Analyst,D,ML Foundations,17-03-2026,59.1,90.7,51.4,4.0,2,20.0,0,2,0.35809457184901944
L10050,IT,Leeds,Coordinator,A,Data Literacy,25-01-2026,61.6,92.8,83.3,2.0,1,21.0,1,3,0.5050353071173901
L10503,HR,Remote,Coordinator,A,AI Awareness,14-03-2026,47.7,57.2,54.1,1.0,1,9.0,0,2,-0.31195518097475083
L10077,Operations,Remote,Associate,A,Responsible AI,23-01-2026,45.2,191.1,78.2,5.0,0,19.0,1,4,-0.45889591624312154
L10343,Operations,Manchester,Associate,B,AI Awareness,22-02-2026,53.4,238.6,60.4,3.0,1,20.0,1,4,0.023069695437134097
L10159,Finance,Remote,Associate,B,Data Literacy,07-03-2026,2.6,57.7,60.7,3.0,2,20.0,1,1,-2.962766045216158
L10317,Operations,Manchester,Coordinator,D,Data Literacy,18-03-2026,53.3,123.6,80.0,3.0,3,16.0,1,4,0.017192066026399187
L10094,Sales,Remote,Manager,C,ML Foundations,06-03-2026,55.3,108.0,68.6,5.0,1,14.0,1,5,0.13474465424109575
L10017,Finance,Manchester,Technician,D,Data Literacy,11-03-2026,87.9,237.6,88.0,3.0,1,13.0,1,1,2.05085184214065
L10165,Operations,Bristol,Coordinator,C,AI Awareness,27-03-2026,64.8,132.1,73.7,1.0,1,19.0,1,4,0.6931194482609043
L10228,HR,London,Coordinator,A,Data Literacy,25-01-2026,57.2,58.1,100.0,1.0,0,19.0,1,2,0.2464196130450578
L10476,IT,Remote,Coordinator,B,Python Basics,28-03-2026,77.1,172.7,62.5,5.0,3,9.0,1,3,1.416067865781288
L10116,Operations,Remote,Coordinator,B,AI Awareness,01-03-2026,34.6,118.0,59.4,1.0,3,13.0,0,4,-1.0819246337810133
L10030,Finance,Cardiff,Manager,B,ML Foundations,27-01-2026,77.9,60.5,66.3,4.0,3,7.0,1,1,1.4630889010671673
L10288,IT,Bristol,Associate,A,Data Literacy,14-02-2026,64.8,98.5,74.5,2.0,1,13.0,1,3,0.6931194482609043
L10215,Customer Support,Remote,Associate,B,Data Literacy,18-01-2026,64.1,121.4,19.0,1.0,4,13.0,0,0,0.6519760423857605
L10106,IT,Leeds,Manager,A,AI Awareness,21-02-2026,45.0,112.8,60.9,1.0,4,13.0,0,3,-0.47065117506459136
L10166,Customer Support,Leeds,Coordinator,B,AI Awareness,24-02-2026,70.3,89.1,57.4,3.0,2,17.0,0,0,1.01638906585132
L10128,Customer Support,Bristol,Manager,C,AI Awareness,03-03-2026,61.6,94.5,84.4,5.0,1,8.0,1,0,0.5050353071173901
L10589,Operations,Birmingham,Manager,D,Python Basics,03-03-2026,62.9,96.2,100.0,5.0,4,9.0,1,4,0.5814444894569427
L10555,Operations,Birmingham,Technician,B,Data Literacy,14-01-2026,46.3,116.3,75.6,4.0,1,22.0,1,4,-0.39424199272503874
L10379,HR,Bristol,Analyst,A,Responsible AI,15-03-2026,13.3,128.1,68.1,2.0,2,4.0,1,2,-2.3338596982675313
L10512,Finance,Manchester,Manager,A,Python Basics,13-03-2026,67.8,87.6,77.7,2.0,2,14.0,1,1,0.8694483305829492
L10090,Finance,Remote,Coordinator,B,AI Awareness,16-02-2026,64.0,60.8,82.7,4.0,1,12.0,1,1,0.6460984129750259
L10525,Finance,Manchester,Associate,A,ML Foundations,17-03-2026,75.4,153.1,77.2,4.0,1,16.0,1,1,1.3161481657987966
L10450,HR,Remote,Manager,C,Python Basics,10-03-2026,35.8,89.7,51.5,5.0,3,10.0,1,2,-1.0113930808521956
L10112,Operations,Birmingham,Manager,B,Data Literacy,12-02-2026,42.9,233.1,54.9,1.0,2,17.0,1,4,-0.5940813926900228
L10295,Finance,Remote,Technician,D,ML Foundations,17-03-2026,88.0,250.0,57.4,1.0,1,8.0,1,1,2.0567294715513844
L10361,Customer Support,Remote,Coordinator,B,Data Literacy,26-02-2026,28.1,128.6,62.8,2.0,3,26.0,0,0,-1.463970545478777
L10283,Sales,Birmingham,Analyst,A,Data Literacy,21-02-2026,29.8,130.9,71.9,4.0,5,10.0,0,5,-1.3640508454962852
L10316,IT,Cardiff,Manager,C,ML Foundations,04-02-2026,59.3,152.6,78.9,1.0,2,24.0,1,3,0.3698498306704888
L10549,Operations,Manchester,Manager,B,Data Literacy,01-03-2026,89.9,50.8,65.0,5.0,5,16.0,1,4,2.1684044303553467
L10414,Finance,Leeds,Technician,A,AI Awareness,01-04-2026,61.4,113.5,66.3,5.0,2,7.0,0,1,0.4932800482959203
L10006,Customer Support,Cardiff,Coordinator,C,Python Basics,21-01-2026,50.5,175.3,100.0,1.0,0,6.0,1,0,-0.1473815574741758
L10422,HR,Remote,Specialist,A,AI Awareness,31-01-2026,61.4,191.6,57.6,5.0,1,16.0,1,2,0.4932800482959203
L10519,Sales,Remote,Associate,A,Data Literacy,26-03-2026,30.6,144.8,85.2,1.0,3,17.0,0,5,-1.3170298102104063
L10400,Operations,Leeds,Manager,C,AI Awareness,02-02-2026,55.8,121.3,60.2,3.0,2,25.0,0,4,0.16413280129476987
L10195,Sales,Bristol,Associate,B,Data Literacy,not recorded,30.9,140.1,44.2,2.0,2,17.0,0,5,-1.2993969219782022
L10189,HR,Remote,Analyst,A,Responsible AI,25-02-2026,17.8,158.1,59.0,1.0,3,6.0,0,2,-2.0693663747844644
L10132,Support,Bristol,Manager,B,Python Basics,12-02-2026,38.5,80.8,73.3,1.0,2,8.0,1,6,-0.8526970867623551
L10238,Operations,Remote,Analyst,A,ML Foundations,06-03-2026,61.3,152.8,68.3,3.0,2,17.0,1,4,0.4874024188851854
L10458,Operations,London,Technician,A,Data Literacy,16-03-2026,36.7,97.7,95.3,1.0,1,16.0,1,4,-0.9584944161555818
L10318,IT,Birmingham,Analyst,C,ML Foundations,13-01-2026,66.8,121.3,57.9,2.0,1,0.0,1,3,0.8106720364756009
L10194,Finance,Remote,Associate,B,ML Foundations,18-03-2026,81.3,82.7,87.6,5.0,0,9.0,1,1,1.662928301032151
L10141,IT,Birmingham,Manager,C,ML Foundations,22-01-2026,53.3,148.7,74.4,4.0,1,19.0,1,3,0.017192066026399187
L10047,IT,London,Coordinator,C,Responsible AI,02-03-2026,73.4,112.5,78.2,2.0,3,8.0,1,3,1.1985955775841
L10210,Operations,Leeds,Analyst,A,Data Literacy,28-03-2026,76.4,125.6,31.1,4.0,1,13.0,0,4,1.374924459906145
L10553,Sales,Remote,Analyst,D,ML Foundations,04-03-2026,58.0,236.3,39.5,2.0,0,11.0,0,5,0.29344064833093625
L10401,IT,Remote,Manager,B,ML Foundations,21-01-2026,53.3,125.2,77.0,1.0,2,20.0,0,3,0.017192066026399187
L10178,Operations,Remote,Associate,C,AI Awareness,15-02-2026,54.1,120.6,69.6,3.0,2,17.0,1,4,0.06421310131227806
L10580,IT,Leeds,Associate,C,Data Literacy,15-01-2026,48.3,58.1,53.5,3.0,3,18.0,0,3,-0.2766894045103422
L10439,Support,London,Coordinator,C,Responsible AI,13-02-2026,41.9,156.9,53.7,4.0,3,11.0,0,6,-0.6528576867973711
L10155,Finance,Cardiff,Associate,B,Python Basics,not recorded,85.7,84.0,46.3,4.0,2,14.0,1,1,1.9215439951044837
L10322,Finance,Remote,Analyst,B,ML Foundations,08-02-2026,26.4,147.8,66.3,5.0,0,21.0,0,1,-1.5638902454612693
L10070,HR,Remote,Specialist,B,AI Awareness,25-02-2026,56.6,182.6,57.3,2.0,1,20.0,1,2,0.21115383658064876
L10021,HR,London,Analyst,D,ML Foundations,10-01-2026,62.8,61.3,45.5,4.0,3,8.0,1,2,0.5755668600462078
L10138,Finance,Remote,Associate,D,AI Awareness,05-01-2026,62.8,243.7,45.1,5.0,3,20.0,0,1,0.5755668600462078
L10259,Finance,Remote,Manager,A,Data Literacy,18-01-2026,57.7,139.1,57.2,1.0,5,19.0,0,1,0.2758077600987319
L10038,HR,Manchester,Technician,B,Data Literacy,10-01-2026,75.3,80.6,91.4,3.0,1,21.0,1,2,1.3102705363880613
L10330,Operations,Manchester,Manager,B,ML Foundations,14-02-2026,38.4,86.6,83.6,4.0,3,22.0,1,4,-0.85857471617309
L10561,Sales,Birmingham,Specialist,A,AI Awareness,06-02-2026,31.3,92.1,31.3,5.0,3,12.0,0,5,-1.2758864043352627
L10063,HR,London,Analyst,A,Python Basics,11-01-2026,44.9,253.2,52.5,4.0,4,20.0,0,2,-0.47652880447532625
L10123,Sales,Remote,Coordinator,C,Responsible AI,11-01-2026,53.3,146.7,66.6,4.0,4,13.0,1,5,0.017192066026399187
L10273,Operations,Remote,Analyst,C,ML Foundations,02-03-2026,44.8,80.5,41.6,3.0,4,23.0,0,4,-0.48240643388606114
L10004,IT,Remote,Specialist,A,ML Foundations,14-02-2026,43.8,60.3,59.4,3.0,2,22.0,1,3,-0.5411827279934094
L10150,IT,London,Associate,C,ML Foundations,21-03-2026,93.3,87.1,58.4,5.0,1,19.0,1,3,2.3682438303203304
L10160,Support,Bristol,Analyst,D,Responsible AI,20-01-2026,40.2,83.6,51.8,5.0,1,14.0,1,6,-0.752777386779863
L10415,IT,Remote,Associate,A,AI Awareness,19-01-2026,66.9,113.7,46.2,5.0,1,13.0,0,3,0.8165496658863363
L10557,HR,Birmingham,Manager,C,Data Literacy,20-01-2026,46.5,250.3,80.1,1.0,2,20.0,1,2,-0.3824867339035689
L10074,Operations,Manchester,Specialist,A,Responsible AI,15-03-2026,68.0,129.2,59.9,2.0,2,18.0,1,4,0.881203589404419
L10145,HR,London,Manager,B,ML Foundations,26-03-2026,29.3,61.1,61.3,3.0,3,10.0,0,2,-1.3934389925499593
L10218,HR,Birmingham,Technician,C,Data Literacy,05-03-2026,57.6,59.2,51.5,2.0,1,12.0,0,2,0.26993013068799704
L10185,Support,Remote,Analyst,B,AI Awareness,20-03-2026,39.0,87.9,56.3,1.0,2,11.0,0,6,-0.823308939708681
L10554,HR,Cardiff,Analyst,A,Python Basics,25-03-2026,33.4,134.6,64.7,5.0,2,22.0,1,2,-1.1524561867098315
L10594,IT,Birmingham,Technician,A,Responsible AI,15-02-2026,46.7,72.7,74.4,4.0,0,20.0,1,3,-0.3707314750820991
L10289,Customer Support,Birmingham,Specialist,A,AI Awareness,06-03-2026,56.1,112.4,52.1,1.0,3,10.0,0,0,0.1817656895269746
L10404,Finance,Remote,Associate,C,AI Awareness,17-03-2026,46.0,125.5,32.9,2.0,1,15.0,0,1,-0.41187488095724306
L10499,IT,Bristol,Analyst,B,Data Literacy,29-03-2026,14.9,145.1,48.8,3.0,1,19.0,0,3,-2.2398176276957744
L10078,Finance,Bristol,Technician,A,Responsible AI,06-03-2026,38.9,242.4,53.9,3.0,2,14.0,0,1,-0.8291865691194159
L10489,Sales,Remote,Specialist,B,AI Awareness,21-02-2026,60.4,185.7,90.4,1.0,3,6.0,1,5,0.434503754188572
L10468,Sales,London,Associate,B,Responsible AI,03-02-2026,39.9,184.3,75.0,2.0,3,19.0,0,5,-0.7704102750120676
L10170,IT,Bristol,Analyst,A,Python Basics,24-03-2026,20.0,173.5,71.4,1.0,1,10.0,0,3,-1.9400585277482982
L10026,Finance,Cardiff,Manager,B,Responsible AI,03-02-2026,37.6,110.7,69.1,2.0,1,18.0,0,1,-0.9055957514589685
L10114,Sales,Remote,Analyst,C,Data Literacy,24-01-2026,51.1,170.0,70.3,3.0,6,14.0,1,5,-0.11211578100976677
L10321,Finance,London,Technician,A,AI Awareness,10-03-2026,75.8,68.5,32.6,2.0,1,21.0,0,1,1.3396586834417354
L10257,IT,Remote,Associate,B,Data Literacy,06-02-2026,56.3,89.4,45.4,1.0,2,16.0,0,3,0.19352094834844402
L10426,Sales,London,Coordinator,D,AI Awareness,20-02-2026,47.0,145.0,59.6,3.0,3,18.0,0,5,-0.3530985868498948
L10490,Operations,Remote,Manager,A,Data Literacy,12-02-2026,39.6,242.6,60.4,1.0,1,21.0,0,4,-0.7880431632442719
L10428,HR,Remote,Manager,A,Python Basics,14-01-2026,60.5,144.5,82.7,5.0,3,13.0,1,2,0.44038138359930695
L10148,Finance,London,Manager,A,Data Literacy,19-03-2026,53.3,93.2,52.3,1.0,1,13.0,0,1,0.017192066026399187
L10105,HR,Remote,Coordinator,B,AI Awareness,15-01-2026,70.8,172.0,70.8,1.0,0,15.0,1,2,1.045777212904994
L10287,Finance,Manchester,Manager,A,ML Foundations,19-03-2026,46.8,152.4,72.4,2.0,1,31.0,1,1,-0.3648538456713646
L10431,Customer Support,London,Associate,D,AI Awareness,16-02-2026,47.8,185.5,54.1,3.0,3,13.0,0,0,-0.30607755156401634
L10235,Support,London,Specialist,B,Data Literacy,25-01-2026,47.7,58.7,76.4,1.0,4,4.0,1,6,-0.31195518097475083
L10475,Operations,London,Technician,C,AI Awareness,02-02-2026,68.0,198.9,43.4,5.0,2,12.0,1,4,0.881203589404419
L10464,Operations,Manchester,Specialist,C,Data Literacy,09-02-2026,59.0,98.7,57.8,1.0,2,10.0,0,4,0.35221694243828455
L10530,IT,Remote,Coordinator,C,Python Basics,04-04-2026,54.8,66.7,73.5,2.0,2,11.0,1,3,0.10535650718742161
L10342,Finance,Manchester,Coordinator,B,Python Basics,06-03-2026,59.8,186.5,77.1,5.0,3,10.0,1,1,0.399237977724163
L10423,HR,Remote,Manager,A,Responsible AI,12-03-2026,26.2,86.8,70.8,3.0,1,9.0,1,2,-1.575645504282739
L10175,Operations,London,Technician,B,ML Foundations,01-03-2026,36.3,156.0,46.0,3.0,1,28.0,0,4,-0.9820049337985215
L10233,IT,Leeds,Associate,B,Python Basics,12-03-2026,53.3,97.6,75.9,4.0,2,6.0,1,3,0.017192066026399187
L10357,IT,Remote,Associate,A,AI Awareness,07-03-2026,27.1,126.9,45.6,1.0,1,2.0,0,3,-1.5227468395861254
L10406,Operations,Remote,Coordinator,B,ML Foundations,28-01-2026,58.7,247.9,14.5,3.0,5,26.0,0,4,0.33458405420608023
L10036,Support,Leeds,Analyst,A,Data Literacy,21-03-2026,55.7,56.5,40.7,5.0,2,12.0,1,6,0.15825517188403537
L10018,Support,Manchester,Associate,B,Data Literacy,26-03-2026,54.3,52.8,79.3,3.0,1,10.0,1,6,0.07596836013374747
L10340,IT,Birmingham,Coordinator,A,Python Basics,14-02-2026,41.7,248.9,81.5,5.0,5,16.0,1,3,-0.6646129456188404
L10254,Operations,Birmingham,Associate,C,ML Foundations,25-02-2026,71.0,256.2,67.2,1.0,5,14.0,0,4,1.0575324717264638
L10362,IT,Edinburgh,Associate,A,Python Basics,05-01-2026,59.7,57.9,54.6,2.0,1,13.0,0,3,0.3933603483134285
L10384,Finance,Remote,Associate,C,AI Awareness,26-02-2026,48.7,78.7,53.7,4.0,4,16.0,1,1,-0.25317888686740253
L10034,IT,Remote,Associate,B,Data Literacy,08-02-2026,52.9,116.6,55.0,3.0,2,6.0,1,3,-0.00631845161654004
L10095,Operations,Remote,Analyst,D,AI Awareness,19-03-2026,50.9,188.0,57.9,2.0,0,19.0,1,4,-0.1238710398312366
L10509,IT,Leeds,Analyst,A,AI Awareness,08-02-2026,49.8,1440.0,32.5,4.0,1,12.0,0,3,-0.18852496334931979
L10359,IT,Remote,Coordinator,B,Data Literacy,02-04-2026,52.8,124.8,43.1,2.0,3,11.0,0,3,-0.01219608102727495
L10015,IT,Remote,Associate,D,Python Basics,02-03-2026,45.6,92.2,66.3,1.0,4,24.0,1,3,-0.43538539860018227
L10336,Finance,Cardiff,Associate,D,Data Literacy,25-03-2026,61.4,92.7,58.3,2.0,1,12.0,0,1,0.4932800482959203
L10418,Operations,Leeds,Analyst,B,Data Literacy,21-03-2026,53.7,122.2,56.4,4.0,2,7.0,1,4,0.040702583669338835
L10466,Sales,Cardiff,Associate,C,Responsible AI,10-01-2026,53.7,171.3,94.7,5.0,3,10.0,1,5,0.040702583669338835
L10237,Customer Support,London,Analyst,A,Responsible AI,17-03-2026,55.6,59.5,68.9,2.0,3,12.0,1,0,0.1523775424733005
L10277,Operations,Edinburgh,Analyst,A,Python Basics,17-02-2026,49.3,143.7,83.1,4.0,3,12.0,1,4,-0.2179131104029939
L10398,IT,London,Manager,A,Responsible AI,09-02-2026,73.9,88.8,66.3,1.0,3,11.0,1,3,1.2279837246377743
L10023,HR,London,Manager,D,Python Basics,10-03-2026,50.0,999.0,66.5,2.0,5,11.0,1,2,-0.17676970452784996
L10488,Operations,Remote,Technician,C,Responsible AI,09-03-2026,41.0,111.4,64.1,5.0,4,18.0,1,4,-0.7057563514939844
L10564,IT,London,Manager,A,ML Foundations,08-03-2026,39.0,87.0,70.5,4.0,1,15.0,1,3,-0.823308939708681
L10276,Sales,Birmingham,Associate,B,Data Literacy,20-03-2026,53.3,62.9,57.0,3.0,3,14.0,1,5,0.017192066026399187
L10255,IT,Bristol,Coordinator,C,ML Foundations,15-03-2026,47.9,241.6,85.8,3.0,1,16.0,1,3,-0.3001999221532814
L10313,Operations,London,Coordinator,C,Data Literacy,20-03-2026,69.6,112.8,72.3,3.0,1,23.0,1,4,0.975245659976176
L10412,Finance,Remote,Coordinator,A,ML Foundations,05-02-2026,33.0,151.4,58.2,2.0,2,11.0,0,1,-1.1759667043527706
L10057,HR,Manchester,Technician,D,Python Basics,13-01-2026,53.3,117.0,43.1,1.0,1,17.0,0,2,0.017192066026399187
L10310,HR,Remote,Specialist,C,Python Basics,09-02-2026,50.3,153.2,84.5,4.0,4,22.0,1,2,-0.15913681629564563
L10551,Operations,Bristol,Technician,B,Data Literacy,16-02-2026,54.7,92.6,66.3,5.0,3,8.0,1,4,0.09947887777668711
L10071,HR,Manchester,Technician,B,AI Awareness,21-03-2026,39.0,63.4,70.3,2.0,1,20.0,1,2,-0.823308939708681
L10143,HR,Edinburgh,Specialist,C,AI Awareness,13-01-2026,41.8,173.5,79.3,1.0,4,16.0,1,2,-0.658735316208106
L10279,IT,Remote,Associate,C,Data Literacy,26-02-2026,60.5,118.0,51.7,4.0,0,10.0,1,3,0.44038138359930695
L10147,HR,Remote,Associate,B,Responsible AI,17-01-2026,51.3,151.6,66.3,5.0,0,0.0,1,2,-0.10036052218829737
L10442,Support,Remote,Associate,B,Data Literacy,10-03-2026,26.0,237.7,66.3,5.0,3,17.0,1,6,-1.5874007631042086
L10444,Operations,Bristol,Coordinator,C,Python Basics,15-03-2026,35.0,115.3,87.7,1.0,3,16.0,0,4,-1.058414116138074
L10221,Finance,London,Associate,A,Responsible AI,20-01-2026,53.3,128.7,53.5,3.0,3,22.0,0,1,0.017192066026399187
L10445,Sales,Remote,Technician,B,Python Basics,13-01-2026,53.3,66.6,73.3,2.0,4,7.0,1,5,0.017192066026399187
L10081,Sales,Cardiff,Manager,C,Data Literacy,21-01-2026,47.4,113.2,57.8,5.0,2,16.0,1,5,-0.32958806920695555
L10126,HR,Remote,Coordinator,B,Data Literacy,16-03-2026,25.0,154.4,40.5,3.0,3,10.0,1,2,-1.6461770572115568
L10515,Sales,Leeds,Coordinator,D,Python Basics,27-02-2026,49.7,90.8,63.9,3.0,1,23.0,0,5,-0.19440259276005428
L10572,IT,Bristol,Manager,B,AI Awareness,02-02-2026,37.3,56.2,58.0,5.0,1,18.0,1,3,-0.9232286396911732
L10080,Operations,Leeds,Manager,C,Responsible AI,10-02-2026,53.4,180.5,94.8,2.0,1,21.0,1,4,0.023069695437134097
L10258,Operations,Remote,Coordinator,B,Data Literacy,13-03-2026,55.2,140.7,83.1,4.0,1,10.0,1,4,0.12886702483036125
L10334,Customer Support,Manchester,Specialist,B,ML Foundations,18-03-2026,61.5,233.4,57.8,1.0,3,10.0,0,0,0.4991576777066552
L10301,HR,Cardiff,Coordinator,A,ML Foundations,15-02-2026,77.3,191.4,50.2,2.0,1,8.0,0,2,1.4278231246027577
L10219,Customer Support,Manchester,Coordinator,B,Data Literacy,31-01-2026,27.2,177.5,64.5,4.0,1,13.0,1,0,-1.5168692101753907
L10260,Sales,Remote,Coordinator,A,Data Literacy,19-02-2026,64.6,174.5,85.9,4.0,0,20.0,1,5,0.6813641894394346
L10596,Operations,Manchester,Technician,C,AI Awareness,18-02-2026,59.4,118.5,76.9,4.0,2,16.0,1,4,0.37572746008122376
L10411,Sales,Remote,Technician,B,ML Foundations,18-03-2026,53.3,184.0,80.7,2.0,3,10.0,1,5,0.017192066026399187
L10024,Support,Birmingham,Technician,A,Data Literacy,10-02-2026,70.8,178.8,27.6,5.0,0,13.0,0,6,1.045777212904994
L10540,Operations,Manchester,Technician,C,AI Awareness,21-01-2026,76.5,184.6,78.0,2.0,6,12.0,1,4,1.3808020893168793
L10223,Support,Bristol,Manager,A,AI Awareness,14-01-2026,72.5,174.1,64.6,1.0,1,10.0,1,6,1.1456969128874863
L10269,IT,London,Analyst,A,Data Literacy,26-03-2026,46.4,68.5,66.5,4.0,3,17.0,1,3,-0.38836436331430385
L10051,IT,London,Specialist,A,Data Literacy,01-04-2026,55.8,195.7,26.5,5.0,2,26.0,0,3,0.16413280129476987
L10280,Sales,Birmingham,Analyst,A,Data Literacy,20-02-2026,55.0,56.6,62.8,2.0,1,9.0,0,5,0.11711176600889142
L10122,IT,Remote,Technician,D,Data Literacy,07-01-2026,33.4,248.1,16.2,3.0,1,11.0,0,3,-1.1524561867098315
L10371,Sales,Remote,Coordinator,B,Python Basics,20-03-2026,72.8,247.4,100.0,2.0,4,10.0,1,5,1.1633298011196906
L10193,IT,Remote,Technician,C,Python Basics,11-03-2026,50.9,115.2,80.1,1.0,1,19.0,1,3,-0.1238710398312366
L10408,Operations,Remote,Manager,B,ML Foundations,06-01-2026,56.5,183.0,100.0,1.0,2,14.0,1,4,0.20527620716991385
L10574,Support,Remote,Manager,D,AI Awareness,16-03-2026,57.1,92.1,50.1,1.0,3,19.0,0,6,0.2405419836343229
L10252,Operations,Remote,Associate,C,Data Literacy,15-03-2026,55.8,193.9,51.2,5.0,1,8.0,1,4,0.16413280129476987
L10385,HR,Manchester,Associate,C,Python Basics,24-03-2026,74.1,183.8,86.2,4.0,3,26.0,1,2,1.2397389834592432
L10331,HR,Remote,Analyst,A,AI Awareness,06-03-2026,37.2,125.1,76.1,1.0,3,18.0,1,2,-0.9291062691019077
L10563,Operations,London,Manager,A,Python Basics,01-03-2026,66.7,75.1,84.1,1.0,5,10.0,0,4,0.8047944070648664
L10377,Finance,Remote,Manager,B,Data Literacy,07-02-2026,41.5,243.9,60.5,5.0,3,13.0,1,1,-0.6763682044403103
L10453,Customer Support,Remote,Associate,A,Python Basics,02-02-2026,14.5,84.9,85.1,5.0,4,9.0,1,0,-2.263328145338714
L10566,Sales,Remote,Specialist,B,Data Literacy,22-03-2026,75.3,145.2,55.7,1.0,2,17.0,0,5,1.3102705363880613
L10031,HR,Birmingham,Associate,D,Python Basics,05-01-2026,40.1,64.3,51.5,2.0,5,5.0,0,2,-0.7586550161905978
L10481,Operations,Leeds,Technician,B,Data Literacy,21-03-2026,70.5,240.8,76.5,3.0,2,12.0,1,4,1.0281443246727897
L10268,Operations,London,Technician,B,AI Awareness,20-02-2026,49.9,146.1,67.0,2.0,1,15.0,1,4,-0.18264733393858487
L10167,Sales,Manchester,Specialist,B,AI Awareness,28-01-2026,40.1,168.2,82.1,4.0,2,13.0,1,5,-0.7586550161905978
L10200,Operations,Edinburgh,Specialist,C,AI Awareness,21-01-2026,71.8,118.9,91.6,3.0,1,11.0,1,4,1.1045535070123422
L10367,IT,London,Analyst,B,AI Awareness,20-01-2026,81.4,82.7,66.9,3.0,2,15.0,1,3,1.6688059304428862
L10300,Customer Support,Remote,Associate,A,AI Awareness,05-02-2026,48.1,53.1,88.3,5.0,2,14.0,1,0,-0.2884446633318116
L10437,Sales,Birmingham,Manager,D,Data Literacy,26-01-2026,45.9,157.3,55.2,1.0,1,8.0,0,5,-0.41775251036797795
L10392,HR,Leeds,Associate,B,ML Foundations,13-01-2026,67.0,151.5,97.8,3.0,5,16.0,1,2,0.8224272952970707
L10511,IT,Birmingham,Manager,D,Python Basics,27-02-2026,44.2,190.9,40.2,1.0,0,1.0,0,3,-0.5176722103504698
L10217,Sales,Cardiff,Manager,B,ML Foundations,31-03-2026,53.9,126.6,68.2,4.0,0,5.0,1,5,0.05245784249080824
L10270,Sales,London,Associate,D,AI Awareness,19-02-2026,73.0,105.9,57.2,2.0,0,15.0,1,5,1.1750850599411604
L10083,Operations,London,Associate,C,Data Literacy,16-03-2026,66.7,249.4,23.2,1.0,2,10.0,0,4,0.8047944070648664
L10456,Support,Remote,Analyst,B,Data Literacy,13-02-2026,43.4,119.7,53.8,2.0,4,21.0,0,6,-0.5646932456363487
L10044,Operations,Bristol,Specialist,A,Data Literacy,03-03-2026,70.6,125.9,83.5,3.0,3,14.0,1,4,1.0340219540835243
L10569,Operations,Bristol,Associate,A,Data Literacy,16-02-2026,40.3,185.9,62.4,4.0,2,5.0,1,4,-0.7468997573691284
L10099,Finance,Remote,Analyst,A,Data Literacy,04-02-2026,31.0,188.9,72.5,2.0,4,8.0,0,1,-1.2935192925674672
L10585,Operations,Manchester,Analyst,B,Responsible AI,16-01-2026,39.2,132.1,44.6,1.0,0,23.0,0,4,-0.8115536808872111
L10430,Sales,Leeds,Coordinator,D,Data Literacy,31-01-2026,59.1,52.0,66.3,1.0,5,16.0,0,5,0.35809457184901944
L10101,Support,Birmingham,Manager,B,Data Literacy,22-02-2026,64.8,54.5,49.7,1.0,3,8.0,1,6,0.6931194482609043
L10042,Finance,London,Coordinator,B,AI Awareness,01-02-2026,37.2,153.7,62.5,5.0,0,9.0,1,1,-0.9291062691019077
L10265,Finance,Birmingham,Manager,B,AI Awareness,17-01-2026,42.0,185.2,73.1,3.0,2,22.0,1,1,-0.6469800573866362
L10196,Operations,Remote,Technician,C,ML Foundations,02-04-2026,55.3,124.2,66.3,1.0,6,22.0,1,4,0.13474465424109575
L10495,Finance,London,Technician,A,AI Awareness,31-03-2026,65.0,120.1,74.8,4.0,3,10.0,1,1,0.7048747070823742
L10013,HR,Remote,Technician,B,AI Awareness,14-02-2026,30.6,172.5,66.3,3.0,2,17.0,0,2,-1.3170298102104063
L10220,IT,Remote,Associate,C,ML Foundations,26-02-2026,32.9,178.2,64.7,4.0,1,14.0,1,3,-1.1818443337635056
L10344,Finance,Manchester,Analyst,C,Data Literacy,24-03-2026,60.8,148.0,62.7,2.0,2,12.0,0,1,0.4580142718315113
L10213,Support,Remote,Coordinator,C,ML Foundations,21-02-2026,30.6,246.6,67.9,1.0,0,6.0,1,6,-1.3170298102104063
L10119,HR,London,Manager,A,Data Literacy,01-04-2026,51.7,131.4,72.6,5.0,2,21.0,1,2,-0.07685000454535772
L10365,Sales,Remote,Analyst,D,AI Awareness,18-03-2026,23.3,147.3,73.0,1.0,4,13.0,1,5,-1.7460967571940489
L10389,IT,Remote,Associate,B,Responsible AI,07-01-2026,26.8,92.9,76.7,4.0,3,10.0,1,3,-1.54037972781833
L10069,Operations,Bristol,Coordinator,B,ML Foundations,18-02-2026,33.9,56.1,39.6,1.0,3,17.0,0,4,-1.1230680396561572
L10297,Finance,London,Manager,C,Data Literacy,10-02-2026,55.9,82.1,29.7,1.0,3,10.0,0,1,0.17001043070550478
L10172,Sales,Remote,Technician,B,Data Literacy,25-02-2026,53.3,151.7,77.7,1.0,1,17.0,1,5,0.017192066026399187
L10149,IT,London,Associate,C,Python Basics,11-01-2026,48.6,146.3,51.3,1.0,1,20.0,0,3,-0.25905651627813747
L10236,Sales,London,Manager,A,Responsible AI,20-01-2026,21.2,53.2,77.8,1.0,2,16.0,1,5,-1.8695269748194803
L10592,IT,Manchester,Analyst,B,Data Literacy,15-03-2026,55.3,129.7,100.0,4.0,5,17.0,1,3,0.13474465424109575
L10547,Finance,Cardiff,Manager,D,ML Foundations,19-01-2026,57.7,48.9,54.8,2.0,3,19.0,0,1,0.2758077600987319
L10180,Support,London,Technician,B,Responsible AI,27-03-2026,25.5,150.8,78.9,5.0,2,13.0,1,6,-1.6167889101578827
L10100,Support,Bristol,Manager,B,AI Awareness,23-03-2026,51.2,124.1,97.0,1.0,3,10.0,1,6,-0.10623815159903185
L10518,HR,Remote,Technician,D,Responsible AI,18-01-2026,44.4,183.7,100.0,5.0,1,25.0,1,2,-0.5059169515290004
L10127,HR,Bristol,Coordinator,A,ML Foundations,28-03-2026,72.0,125.8,68.9,3.0,3,12.0,0,2,1.1163087658338122
L10438,HR,Remote,Manager,A,Responsible AI,02-02-2026,67.0,191.5,50.0,4.0,4,11.0,1,2,0.8224272952970707
L10528,Operations,London,Analyst,D,Data Literacy,22-02-2026,57.6,65.4,99.4,5.0,2,15.0,1,4,0.26993013068799704
L10103,Finance,London,Manager,B,Data Literacy,15-01-2026,44.2,113.4,89.8,5.0,3,15.0,1,1,-0.5176722103504698
L10471,HR,Remote,Analyst,B,AI Awareness,04-03-2026,62.1,144.5,37.8,1.0,3,28.0,0,2,0.5344234541710643
L10246,IT,Birmingham,Analyst,D,AI Awareness,01-02-2026,42.9,98.3,73.4,4.0,0,16.0,1,3,-0.5940813926900228
L10562,IT,Remote,Coordinator,B,Responsible AI,24-01-2026,64.4,105.8,93.4,3.0,1,5.0,1,3,0.6696089306179656
L10120,IT,London,Analyst,D,AI Awareness,16-03-2026,33.1,133.2,47.4,2.0,0,14.0,0,3,-1.1700890749420358
L10076,IT,Manchester,Specialist,A,Python Basics,23-01-2026,79.3,132.7,54.7,2.0,2,16.0,1,3,1.5453757128174543
L10053,Operations,London,Associate,A,AI Awareness,23-02-2026,32.4,156.7,65.8,1.0,2,5.0,0,4,-1.2112324808171797
L10229,HR,Remote,Coordinator,B,Python Basics,19-02-2026,82.0,88.5,27.4,4.0,1,17.0,0,2,1.7040717069072948
L10352,Operations,Manchester,Specialist,A,AI Awareness,03-03-2026,12.4,185.5,90.7,2.0,5,6.0,1,4,-2.3867583629641453
L10110,Operations,Birmingham,Associate,B,Data Literacy,13-03-2026,98.9,176.1,41.5,2.0,5,9.0,0,4,2.697391077321481
L10007,Support,Remote,Specialist,B,Python Basics,24-01-2026,83.2,185.6,45.8,2.0,3,14.0,1,6,1.774603259836113
L10025,Operations,Birmingham,Analyst,B,Responsible AI,14-01-2026,57.4,150.7,69.0,3.0,1,26.0,1,4,0.2581748718665272
L10292,Operations,Manchester,Technician,A,Responsible AI,04-04-2026,50.4,80.5,59.0,3.0,2,14.0,1,4,-0.15325918688491072
L10309,Sales,Remote,Technician,A,ML Foundations,20-02-2026,53.3,121.8,63.4,1.0,1,19.0,1,5,0.017192066026399187
L10560,HR,London,Coordinator,A,Python Basics,05-02-2026,55.7,139.1,66.3,5.0,1,14.0,0,2,0.15825517188403537
L10345,IT,Manchester,Associate,A,AI Awareness,20-01-2026,45.8,79.3,52.8,5.0,1,11.0,0,3,-0.4236301397787129
L10207,Operations,Remote,Technician,B,AI Awareness,27-03-2026,87.8,117.6,59.5,1.0,2,18.0,0,4,2.044974212729915
L10524,HR,Edinburgh,Analyst,B,AI Awareness,12-02-2026,53.3,147.9,44.9,3.0,2,18.0,1,2,0.017192066026399187
L10020,HR,Manchester,Coordinator,A,AI Awareness,04-02-2026,63.6,132.0,72.5,3.0,0,10.0,1,2,0.6225878953320867
L10542,IT,Remote,Analyst,B,AI Awareness,11-02-2026,68.9,112.5,56.0,1.0,3,18.0,1,3,0.9341022541010328
L10009,Sales,Birmingham,Associate,A,ML Foundations,12-02-2026,78.4,152.8,84.0,1.0,0,26.0,1,5,1.4924770481208414
L10578,IT,Remote,Associate,B,ML Foundations,08-02-2026,54.6,170.3,33.1,2.0,2,25.0,0,3,0.0936012483659522
L10581,Customer Support,Manchester,Associate,B,AI Awareness,12-03-2026,40.1,177.0,75.6,1.0,3,14.0,0,0,-0.7586550161905978
L10502,Finance,Manchester,Specialist,D,Python Basics,23-01-2026,31.5,97.9,85.2,1.0,3,17.0,1,1,-1.2641311455137931
L10378,IT,London,Coordinator,A,Data Literacy,27-02-2026,52.1,120.1,47.7,4.0,4,19.0,0,3,-0.05333948690241849
L10460,Sales,London,Coordinator,A,Responsible AI,17-03-2026,37.9,234.5,61.0,3.0,4,17.0,1,5,-0.8879628632267642
L10188,Finance,Remote,Manager,B,ML Foundations,14-03-2026,62.3,171.9,81.6,4.0,5,17.0,1,1,0.5461787129925336
L10162,Operations,London,Coordinator,C,Python Basics,10-02-2026,61.2,119.9,54.1,3.0,4,2.0,0,4,0.4815247894744509
L10447,Finance,Birmingham,Associate,A,Data Literacy,15-03-2026,50.5,96.4,100.0,5.0,0,6.0,1,1,-0.1473815574741758
L10351,Sales,Manchester,Specialist,C,Python Basics,17-01-2026,61.8,179.9,66.3,3.0,2,13.0,0,5,0.5167905659388595
L10216,Support,London,Associate,B,ML Foundations,15-03-2026,51.4,121.1,66.3,1.0,1,17.0,0,6,-0.09448289277756246
L10485,HR,Leeds,Specialist,D,ML Foundations,22-02-2026,15.6,86.7,57.0,2.0,3,16.0,0,2,-2.1986742218206308
L10514,IT,Remote,Analyst,A,Data Literacy,01-03-2026,74.0,118.2,67.8,5.0,0,14.0,1,3,1.2338613540485086
L10535,Sales,Remote,Associate,D,ML Foundations,12-03-2026,25.4,113.7,72.3,3.0,2,7.0,0,5,-1.6226665395686177
L10096,Sales,Leeds,Technician,C,ML Foundations,05-02-2026,22.3,121.2,60.3,1.0,1,23.0,0,5,-1.804873051301397
L10244,Sales,London,Analyst,D,Responsible AI,22-02-2026,83.2,175.1,66.0,5.0,1,15.0,1,5,1.774603259836113
L10496,Finance,Manchester,Associate,A,Data Literacy,02-03-2026,71.2,115.3,84.8,5.0,2,25.0,1,1,1.0692877305479336
L10014,Sales,Bristol,Coordinator,B,Data Literacy,11-02-2026,53.7,196.4,66.3,2.0,2,18.0,0,5,0.040702583669338835
L10242,IT,Edinburgh,Manager,C,ML Foundations,17-03-2026,52.3,121.0,73.3,4.0,2,10.0,1,3,-0.04158422808094909
L10325,Sales,Manchester,Analyst,B,Python Basics,01-02-2026,44.2,87.0,60.4,3.0,3,18.0,1,5,-0.5176722103504698
L10327,Sales,London,Manager,B,AI Awareness,24-01-2026,25.0,88.2,78.5,4.0,2,14.0,1,5,-1.6461770572115568
L10429,IT,Edinburgh,Analyst,B,AI Awareness,18-03-2026,34.5,87.4,70.3,4.0,1,10.0,1,3,-1.0878022631917483
L10491,Operations,Edinburgh,Associate,B,AI Awareness,16-02-2026,88.2,95.0,80.4,4.0,1,14.0,1,4,2.0684847303728544
L10364,IT,Manchester,Associate,B,Data Literacy,16-01-2026,50.3,119.9,75.2,5.0,2,4.0,1,3,-0.15913681629564563
L10163,Finance,Remote,Manager,A,Python Basics,24-01-2026,37.2,129.1,55.5,2.0,2,16.0,1,1,-0.9291062691019077
L10461,Operations,London,Analyst,A,AI Awareness,17-03-2026,76.0,98.5,61.6,5.0,3,3.0,1,4,1.3514139422632052
L10459,Support,Cardiff,Coordinator,A,ML Foundations,01-03-2026,42.0,111.2,37.7,2.0,4,16.0,0,6,-0.6469800573866362
L10286,HR,Cardiff,Specialist,A,Responsible AI,18-03-2026,87.5,140.4,66.3,5.0,1,9.0,1,2,2.0273413244977103
L10249,Support,Birmingham,Manager,D,Python Basics,19-03-2026,45.3,130.9,60.2,4.0,1,25.0,1,6,-0.45301828683238704
L10264,Operations,Leeds,Coordinator,B,AI Awareness,12-02-2026,36.0,181.3,54.7,1.0,4,12.0,0,4,-0.9996378220307258
L10383,IT,Remote,Coordinator,A,Data Literacy,23-02-2026,39.7,177.4,87.8,2.0,0,16.0,1,3,-0.782165533833537
L10293,Customer Support,Remote,Technician,B,ML Foundations,23-02-2026,56.8,125.5,73.3,1.0,0,14.0,1,0,0.22290909540211815
L10531,HR,Edinburgh,Manager,A,ML Foundations,09-02-2026,46.6,56.7,73.3,3.0,0,4.0,1,2,-0.376609104492834
L10294,Operations,Cardiff,Manager,B,Data Literacy,30-01-2026,69.6,98.0,86.4,1.0,1,21.0,1,4,0.975245659976176
L10232,Operations,Leeds,Specialist,C,Data Literacy,11-03-2026,53.3,140.5,55.9,1.0,2,13.0,0,4,0.017192066026399187
L10559,HR,Birmingham,Coordinator,B,ML Foundations,01-02-2026,14.6,161.7,60.8,4.0,4,9.0,0,2,-2.257450515927979
L10425,Sales,Remote,Analyst,C,Data Literacy,29-01-2026,39.4,89.9,42.0,4.0,4,16.0,0,5,-0.7997984220657418
L10304,Customer Support,London,Specialist,D,AI Awareness,01-03-2026,48.9,148.7,39.1,4.0,1,10.0,0,0,-0.24142362804593315
L10410,IT,London,Associate,C,Data Literacy,02-03-2026,50.9,55.7,89.3,2.0,2,9.0,1,3,-0.1238710398312366
L10568,Sales,Manchester,Analyst,A,Responsible AI,22-02-2026,10.3,89.3,100.0,4.0,2,22.0,1,5,-2.5101885805895763
L10171,IT,Birmingham,Coordinator,A,Responsible AI,03-03-2026,80.4,118.2,69.4,3.0,5,11.0,1,3,1.610029636335538
L10157,IT,Remote,Associate,B,Data Literacy,14-01-2026,41.4,167.5,65.5,4.0,3,16.0,0,3,-0.6822458338510452
L10390,Operations,Remote,Coordinator,B,Data Literacy,29-01-2026,51.2,126.6,71.6,3.0,1,7.0,1,4,-0.10623815159903185
L10307,HR,Cardiff,Analyst,B,Responsible AI,08-02-2026,31.4,117.5,67.1,2.0,1,11.0,1,2,-1.270008774924528
L10409,Finance,London,Coordinator,A,Data Literacy,18-02-2026,22.3,54.5,95.1,5.0,1,15.0,1,1,-1.804873051301397
L10570,Operations,Cardiff,Technician,C,Responsible AI,10-03-2026,63.7,56.3,50.8,5.0,0,6.0,1,4,0.6284655247428216
L10339,HR,Remote,Specialist,C,Data Literacy,07-03-2026,45.9,110.3,41.5,5.0,1,13.0,0,2,-0.41775251036797795
L10590,Operations,Remote,Coordinator,C,Python Basics,16-03-2026,93.5,158.3,54.3,4.0,3,26.0,0,4,2.3799990891418
L10349,Operations,London,Manager,C,AI Awareness,17-03-2026,45.3,172.6,70.5,4.0,2,14.0,1,4,-0.45301828683238704
L10363,Finance,Remote,Associate,D,ML Foundations,28-03-2026,41.1,87.9,61.3,5.0,2,13.0,1,1,-0.6998787220832495
L10156,Finance,Bristol,Technician,D,Responsible AI,31-01-2026,55.8,151.1,82.6,4.0,3,13.0,1,1,0.16413280129476987
L10179,IT,Leeds,Associate,C,AI Awareness,01-03-2026,73.7,137.1,63.1,3.0,1,22.0,1,3,1.2162284658163043
L10152,Operations,Birmingham,Specialist,A,AI Awareness,28-01-2026,50.0,75.6,72.6,2.0,1,19.0,1,4,-0.17676970452784996
L10151,IT,Remote,Technician,B,Data Literacy,28-03-2026,70.9,84.0,53.7,3.0,3,21.0,0,3,1.0516548423157293
L10591,IT,London,Manager,C,AI Awareness,26-03-2026,50.7,123.5,52.4,3.0,2,11.0,1,3,-0.135626298652706
L10140,Finance,Bristol,Technician,D,ML Foundations,01-04-2026,58.1,92.8,97.4,3.0,2,12.0,1,1,0.2993182777416712
L10504,Finance,London,Manager,B,AI Awareness,10-01-2026,53.3,109.1,87.4,4.0,2,10.0,1,1,0.017192066026399187
L10441,Operations,London,Analyst,C,Responsible AI,15-03-2026,53.3,171.0,89.0,2.0,1,8.0,1,4,0.017192066026399187
L10092,HR,Edinburgh,Manager,B,Data Literacy,15-02-2026,26.0,127.7,51.0,5.0,1,7.0,1,2,-1.5874007631042086
L10546,Operations,Bristol,Technician,B,Python Basics,27-02-2026,38.9,64.7,72.3,2.0,5,17.0,0,4,-0.8291865691194159
L10586,Customer Support,Edinburgh,Specialist,C,Python Basics,05-02-2026,74.3,105.1,81.0,2.0,2,21.0,1,0,1.251494242280713
L10319,IT,Remote,Technician,C,AI Awareness,20-01-2026,66.3,134.0,71.8,2.0,2,9.0,1,3,0.7812838894219267
L10131,Customer Support,Manchester,Analyst,B,AI Awareness,24-01-2026,53.3,90.8,43.0,4.0,2,13.0,0,0,0.017192066026399187
L10197,HR,Cardiff,Analyst,C,ML Foundations,19-02-2026,68.3,74.5,84.3,1.0,3,14.0,1,2,0.8988364776366233
L10419,IT,Edinburgh,Technician,B,Responsible AI,18-01-2026,42.5,148.7,50.3,2.0,1,17.0,0,3,-0.617591910332962
L10516,Operations,London,Manager,B,Data Literacy,15-03-2026,48.8,49.7,71.2,4.0,2,23.0,1,4,-0.24730125745666806
L10104,Customer Support,Manchester,Specialist,B,Python Basics,26-03-2026,36.6,95.9,61.1,1.0,4,7.0,0,0,-0.9643720455663167
L10593,Sales,Manchester,Technician,B,ML Foundations,10-01-2026,52.7,122.5,66.3,1.0,4,24.0,0,5,-0.018073710438009444
L10478,IT,Remote,Technician,A,AI Awareness,09-03-2026,59.3,94.5,61.4,4.0,4,10.0,1,3,0.3698498306704888
L10107,Operations,Bristol,Technician,A,Data Literacy,27-01-2026,59.8,231.1,91.7,1.0,1,17.0,1,4,0.399237977724163
L10199,Sales,Bristol,Associate,A,Data Literacy,30-01-2026,62.1,158.0,83.1,2.0,1,13.0,1,5,0.5344234541710643
L10356,Finance,Remote,Specialist,A,Data Literacy,12-01-2026,62.6,102.3,33.6,4.0,1,4.0,0,1,0.5638116012247384
L10565,Operations,Remote,Technician,C,Data Literacy,28-01-2026,44.1,154.9,67.2,2.0,4,3.0,1,4,-0.5235498397612047
L10449,Sales,Manchester,Coordinator,B,ML Foundations,02-03-2026,53.3,111.0,89.0,2.0,3,10.0,1,5,0.017192066026399187
L10521,Finance,Bristol,Associate,B,Data Literacy,15-03-2026,39.2,149.2,32.2,2.0,2,18.0,0,1,-0.8115536808872111
L10582,HR,Remote,Specialist,B,ML Foundations,13-03-2026,64.9,185.0,77.3,1.0,5,14.0,1,2,0.6989970776716397
L10133,Operations,Bristol,Associate,D,AI Awareness,11-01-2026,62.7,105.1,49.5,2.0,3,16.0,0,4,0.5696892306354733
L10118,HR,Birmingham,Manager,A,AI Awareness,01-03-2026,65.7,125.4,74.4,5.0,3,18.0,1,2,0.7460181129575182
L10370,Sales,Manchester,Coordinator,B,Data Literacy,10-03-2026,55.8,105.1,79.8,3.0,1,17.0,1,5,0.16413280129476987
L10302,Sales,Remote,Associate,A,Data Literacy,26-01-2026,31.9,116.8,95.6,4.0,0,10.0,1,5,-1.2406206278708538
L10134,HR,Remote,Specialist,A,AI Awareness,12-01-2026,53.3,169.3,71.5,2.0,1,16.0,1,2,0.017192066026399187
L10446,Finance,Leeds,Technician,B,ML Foundations,10-03-2026,78.2,1440.0,75.0,3.0,3,13.0,1,1,1.4807217892993716
L10457,HR,Manchester,Technician,B,AI Awareness,21-01-2026,47.0,94.5,91.8,4.0,0,13.0,1,2,-0.3530985868498948
L10432,Operations,Birmingham,Coordinator,D,Responsible AI,03-04-2026,45.4,243.1,67.1,3.0,3,16.0,1,4,-0.4471406574216521
L10005,HR,Bristol,Analyst,C,ML Foundations,16-02-2026,32.8,122.3,62.8,3.0,1,12.0,1,2,-1.1877219631742404
L10278,IT,Remote,Specialist,C,Data Literacy,28-01-2026,39.9,154.4,77.8,4.0,1,17.0,1,3,-0.7704102750120676
L10424,Finance,London,Analyst,B,ML Foundations,19-02-2026,84.7,138.5,43.8,2.0,0,11.0,1,1,1.8627677009971353
L10282,Sales,Remote,Associate,D,Python Basics,12-03-2026,30.7,196.4,51.1,4.0,2,15.0,0,5,-1.3111521807996718
L10315,HR,Remote,Technician,B,ML Foundations,05-03-2026,44.0,97.3,77.5,3.0,3,6.0,0,2,-0.5294274691719396
L10115,IT,Manchester,Manager,A,AI Awareness,07-02-2026,92.0,105.1,76.9,3.0,2,16.0,1,3,2.2918346479807776
L10416,Finance,Remote,Analyst,A,Data Literacy,06-01-2026,81.1,59.8,44.0,3.0,4,9.0,0,1,1.6511730422106812
L10075,Sales,London,Associate,A,ML Foundations,30-03-2026,50.5,118.5,62.3,4.0,2,6.0,1,5,-0.1473815574741758
L10494,Operations,Leeds,Coordinator,D,Data Literacy,19-02-2026,51.8,58.5,66.9,5.0,2,16.0,1,4,-0.07097237513462323
L10462,HR,Cardiff,Associate,A,AI Awareness,04-03-2026,30.1,90.2,80.8,3.0,2,14.0,1,2,-1.3464179572640806
L10539,Operations,London,Coordinator,A,AI Awareness,23-02-2026,93.2,66.1,59.1,1.0,2,13.0,0,4,2.362366200909596
L10333,IT,Remote,Specialist,B,Data Literacy,20-02-2026,44.8,245.3,45.3,3.0,1,20.0,0,3,-0.48240643388606114
L10208,Operations,London,Technician,A,Data Literacy,25-01-2026,59.1,147.3,66.3,3.0,1,6.0,1,4,0.35809457184901944
L10206,IT,Bristol,Technician,A,AI Awareness,07-02-2026,43.4,177.1,91.9,5.0,3,10.0,1,3,-0.5646932456363487
L10073,Support,Manchester,Technician,A,Data Literacy,11-03-2026,42.6,116.6,57.9,2.0,2,25.0,1,6,-0.6117142809222271
L10008,Customer Support,Remote,Specialist,B,Data Literacy,19-01-2026,53.3,150.2,80.3,3.0,2,16.0,1,0,0.017192066026399187
L10222,Operations,Edinburgh,Manager,A,Python Basics,05-02-2026,40.4,152.6,66.3,1.0,2,22.0,0,4,-0.7410221279583935
L10045,Support,Birmingham,Manager,A,AI Awareness,18-02-2026,42.4,112.1,74.8,3.0,4,18.0,1,6,-0.6234695397436969
L10262,IT,Birmingham,Technician,C,Python Basics,02-04-2026,65.4,168.5,60.0,3.0,4,25.0,0,3,0.7283852247253139
L10027,Operations,Manchester,Manager,A,Data Literacy,29-01-2026,67.5,119.2,64.6,1.0,3,16.0,1,4,0.8518154423507449
L10003,Finance,Manchester,Analyst,B,Python Basics,24-03-2026,53.3,125.5,85.9,5.0,2,19.0,1,1,0.017192066026399187
L10323,Support,London,Technician,C,ML Foundations,07-01-2026,48.9,186.2,82.5,3.0,2,14.0,0,6,-0.24142362804593315
L10016,Support,Remote,Coordinator,C,Data Literacy,02-03-2026,53.3,131.1,60.5,1.0,2,19.0,0,6,0.017192066026399187
L10239,Operations,Bristol,Manager,A,AI Awareness,19-01-2026,68.6,143.4,72.6,2.0,2,6.0,1,4,0.9164693658688277
L10041,Operations,Remote,Specialist,C,Data Literacy,07-01-2026,62.8,154.4,59.4,1.0,1,14.0,0,4,0.5755668600462078
L10176,Operations,London,Specialist,A,AI Awareness,11-02-2026,53.3,53.4,76.7,3.0,2,3.0,1,4,0.017192066026399187
L10272,Finance,Remote,Coordinator,C,AI Awareness,23-01-2026,68.4,239.9,53.1,1.0,1,13.0,1,1,0.9047141070473587
L10479,Finance,Birmingham,Specialist,B,Data Literacy,20-01-2026,69.4,144.4,23.7,2.0,1,9.0,0,1,0.963490401154707
L10079,Finance,Remote,Coordinator,A,Responsible AI,21-03-2026,33.9,81.9,35.4,4.0,3,12.0,0,1,-1.1230680396561572
L10402,Customer Support,Bristol,Specialist,C,AI Awareness,06-01-2026,49.7,182.6,47.4,3.0,5,15.0,0,0,-0.19440259276005428
L10164,Operations,Remote,Specialist,C,Data Literacy,10-03-2026,86.6,155.8,81.6,3.0,0,18.0,1,4,1.9744426598010967
L10407,Operations,Birmingham,Manager,D,Data Literacy,20-02-2026,56.7,83.6,89.0,2.0,3,16.0,1,4,0.21703146599138365
L10059,HR,Cardiff,Manager,A,Python Basics,05-01-2026,42.0,182.3,64.1,4.0,0,16.0,1,2,-0.6469800573866362
L10480,Sales,Manchester,Analyst,C,Python Basics,28-02-2026,44.8,146.1,87.4,5.0,1,17.0,1,5,-0.48240643388606114
L10393,Sales,Remote,Associate,B,Responsible AI,11-01-2026,45.6,248.1,60.5,2.0,1,15.0,0,5,-0.43538539860018227
L10493,Operations,Remote,Analyst,B,Python Basics,16-03-2026,71.5,62.6,66.3,2.0,2,14.0,1,4,1.086920618780138
L10533,Finance,Remote,Specialist,C,Responsible AI,21-01-2026,53.3,229.8,81.0,3.0,1,11.0,1,1,0.017192066026399187
L10183,Operations,Remote,Associate,A,ML Foundations,18-01-2026,39.2,76.8,57.6,5.0,4,18.0,0,4,-0.8115536808872111
L10320,Operations,Bristol,Associate,A,Python Basics,25-03-2026,34.4,141.7,58.6,3.0,2,17.0,1,4,-1.093679892602483
L10177,Operations,Remote,Manager,A,ML Foundations,11-03-2026,46.2,103.1,80.9,1.0,2,19.0,1,4,-0.40011962213577323
L10550,Operations,Cardiff,Specialist,D,ML Foundations,23-02-2026,65.9,150.3,77.0,5.0,2,13.0,1,4,0.757773371778988
L10093,IT,London,Analyst,A,AI Awareness,09-01-2026,56.0,220.9,76.8,3.0,1,14.0,1,3,0.1758880601162397
L10168,Operations,Leeds,Manager,B,AI Awareness,08-02-2026,56.3,139.7,53.0,4.0,4,15.0,0,4,0.19352094834844402
L10201,Finance,Manchester,Coordinator,B,Responsible AI,25-02-2026,53.7,125.5,55.4,5.0,3,11.0,1,1,0.040702583669338835
L10082,Customer Support,London,Analyst,A,ML Foundations,31-01-2026,36.3,119.7,72.4,4.0,1,22.0,1,0,-0.9820049337985215
L10158,Support,Remote,Manager,B,ML Foundations,07-02-2026,48.7,243.4,82.7,4.0,1,23.0,1,6,-0.25317888686740253
L10085,IT,Manchester,Analyst,A,Python Basics,22-02-2026,17.6,53.2,50.1,4.0,0,13.0,1,3,-2.081121633605934
L10191,Operations,Bristol,Coordinator,B,Data Literacy,17-03-2026,42.8,182.5,55.1,2.0,1,12.0,0,4,-0.5999590221007577
L10153,Sales,London,Analyst,A,AI Awareness,19-01-2026,62.8,181.8,33.0,5.0,1,25.0,0,5,0.5755668600462078
L10154,Sales,Leeds,Associate,D,Data Literacy,12-03-2026,48.5,158.0,43.7,3.0,5,17.0,0,5,-0.26493414568887236
L10130,IT,Edinburgh,Associate,B,Python Basics,12-01-2026,67.4,180.3,71.3,1.0,2,13.0,1,3,0.8459378129400104
L10405,Operations,London,Technician,B,Python Basics,27-02-2026,66.2,176.0,54.1,1.0,0,26.0,1,4,0.7754062600111923
L10397,Sales,Remote,Coordinator,A,AI Awareness,12-02-2026,39.6,63.4,59.7,3.0,3,9.0,0,5,-0.7880431632442719
L10372,Operations,Remote,Technician,B,Responsible AI,30-03-2026,64.3,176.5,55.3,4.0,1,11.0,1,4,0.6637313012072302
L10487,IT,Leeds,Associate,C,Python Basics,17-03-2026,49.2,94.8,87.8,2.0,5,18.0,1,3,-0.2237907398137284
L10452,Sales,Bristol,Technician,C,Data Literacy,11-02-2026,76.9,178.4,45.9,3.0,0,5.0,1,5,1.404312606959819
L10010,HR,London,Specialist,A,Responsible AI,03-02-2026,52.6,186.3,66.3,1.0,4,20.0,0,2,-0.023951339848744355
L10086,Customer Support,Leeds,Associate,A,AI Awareness,15-02-2026,100.0,238.1,67.9,2.0,5,14.0,1,0,2.762045000839564
L10035,Operations,Bristol,Manager,C,Data Literacy,03-02-2026,55.1,154.6,73.3,3.0,5,20.0,1,4,0.12298939541962634
L10588,Sales,Birmingham,Analyst,C,ML Foundations,17-01-2026,47.0,103.2,90.0,2.0,1,17.0,1,5,-0.3530985868498948
L10381,Support,Cardiff,Technician,C,Data Literacy,23-02-2026,51.6,190.5,61.7,1.0,3,15.0,0,6,-0.08272763395609263
L10028,Operations,Leeds,Specialist,D,Data Literacy,07-03-2026,64.6,84.0,83.2,4.0,1,6.0,1,4,0.6813641894394346
L10311,Operations,Remote,Technician,C,Python Basics,28-03-2026,53.3,119.0,54.2,4.0,3,20.0,0,4,0.017192066026399187
L10303,Operations,Birmingham,Manager,A,Python Basics,11-03-2026,53.3,84.1,66.3,4.0,2,7.0,1,4,0.017192066026399187
L10117,Finance,London,Manager,B,ML Foundations,06-02-2026,52.6,91.6,44.0,5.0,1,9.0,0,1,-0.023951339848744355
L10198,Operations,Remote,Manager,D,AI Awareness,06-03-2026,77.2,247.8,100.0,2.0,1,13.0,1,4,1.4219454951920234
L10281,Finance,Remote,Technician,B,ML Foundations,23-02-2026,36.9,185.3,58.5,5.0,3,13.0,1,1,-0.9467391573341125
L10558,Operations,London,Associate,D,Data Literacy,13-02-2026,57.2,125.1,94.6,1.0,3,17.0,1,4,0.2464196130450578
L10353,Operations,Birmingham,Manager,B,Python Basics,27-03-2026,60.0,155.3,60.5,3.0,1,22.0,0,4,0.4109932365456328
L10029,Finance,Remote,Coordinator,C,ML Foundations,07-02-2026,53.3,87.0,69.9,3.0,1,15.0,1,1,0.017192066026399187
L10335,Sales,London,Coordinator,A,Data Literacy,22-02-2026,24.8,83.9,100.0,2.0,3,21.0,1,5,-1.6579323160330264
L10435,Operations,Edinburgh,Manager,B,AI Awareness,20-01-2026,56.2,170.3,46.2,2.0,2,12.0,0,4,0.18764331893770952
L10454,Sales,Remote,Manager,B,Data Literacy,04-02-2026,34.2,168.9,73.8,1.0,2,16.0,0,5,-1.1054351514239527
L10011,HR,Birmingham,Specialist,C,Python Basics,23-01-2026,66.3,91.1,100.0,2.0,1,7.0,1,2,0.7812838894219267
L10142,Operations,Remote,Specialist,C,ML Foundations,22-03-2026,34.1,140.4,35.9,4.0,2,6.0,0,4,-1.1113127808346874
L10394,IT,London,Specialist,A,Responsible AI,16-01-2026,25.8,124.7,65.7,5.0,5,14.0,1,3,-1.5991560219256782
L10545,Customer Support,Manchester,Technician,A,Responsible AI,23-03-2026,26.8,73.6,69.5,3.0,1,20.0,1,0,-1.54037972781833
L10508,Operations,Leeds,Technician,D,ML Foundations,06-01-2026,43.0,96.1,83.1,5.0,4,10.0,1,4,-0.5882037632792879
L10285,Operations,Remote,Associate,B,Data Literacy,13-01-2026,42.2,190.5,63.4,2.0,3,12.0,0,4,-0.6352247985651663
L10517,Finance,Remote,Analyst,B,Python Basics,14-02-2026,100.0,121.6,66.3,2.0,1,22.0,1,1,2.762045000839564
L10067,Support,Birmingham,Manager,A,Data Literacy,26-03-2026,79.6,253.9,66.3,4.0,2,22.0,1,6,1.5630086010496587
L10523,Sales,London,Specialist,A,Data Literacy,30-03-2026,30.6,84.4,75.3,5.0,2,11.0,1,5,-1.3170298102104063
L10338,IT,Remote,Analyst,B,ML Foundations,31-03-2026,32.2,108.7,45.3,5.0,4,9.0,0,3,-1.222987739638649
L10324,Support,Remote,Coordinator,D,Data Literacy,11-02-2026,45.4,90.7,48.7,2.0,4,21.0,0,6,-0.4471406574216521
L10451,IT,Remote,Technician,B,AI Awareness,25-02-2026,90.5,179.8,57.5,2.0,2,12.0,1,3,2.2036702068197553
L10375,Finance,Remote,Coordinator,A,AI Awareness,10-03-2026,72.6,139.9,62.3,4.0,0,13.0,1,1,1.1515745422982206
L10329,Finance,Birmingham,Coordinator,B,Python Basics,16-02-2026,56.9,54.9,40.2,1.0,1,13.0,0,1,0.22878672481285306
L10298,Finance,Remote,Manager,D,Data Literacy,21-02-2026,65.3,85.2,75.0,3.0,1,10.0,1,1,0.7225075953145785
L10314,Operations,Remote,Coordinator,A,ML Foundations,28-01-2026,24.6,97.7,55.1,5.0,4,7.0,0,4,-1.6696875748544961
L10248,Support,London,Specialist,B,AI Awareness,21-01-2026,52.7,113.7,86.3,2.0,2,16.0,1,6,-0.018073710438009444
L10483,Sales,Manchester,Technician,B,Responsible AI,20-02-2026,54.9,227.8,57.2,5.0,0,14.0,1,5,0.11123413659815651
L10263,Sales,Manchester,Analyst,D,AI Awareness,24-01-2026,59.0,159.9,86.0,1.0,1,11.0,1,5,0.35221694243828455
L10433,Finance,Leeds,Specialist,B,ML Foundations,14-02-2026,55.0,242.0,100.0,3.0,0,15.0,1,1,0.11711176600889142
L10386,Customer Support,Remote,Coordinator,B,AI Awareness,12-03-2026,55.2,153.4,82.9,3.0,3,10.0,1,0,0.12886702483036125
L10473,IT,Remote,Analyst,A,AI Awareness,25-02-2026,53.3,178.2,53.6,1.0,2,17.0,0,3,0.017192066026399187
L10305,Customer Support,Remote,Specialist,C,ML Foundations,05-01-2026,51.3,141.3,57.4,1.0,1,16.0,1,0,-0.10036052218829737
L10341,Sales,Leeds,Specialist,B,Python Basics,22-02-2026,47.6,180.0,69.2,5.0,1,20.0,1,5,-0.3178328103854857
L10019,HR,Bristol,Analyst,C,ML Foundations,28-01-2026,53.3,183.1,79.0,5.0,2,12.0,1,2,0.017192066026399187
L10587,Operations,London,Specialist,A,ML Foundations,19-01-2026,62.8,181.4,70.6,5.0,0,8.0,1,4,0.5755668600462078
L10121,Finance,Remote,Specialist,B,AI Awareness,16-03-2026,52.7,159.4,90.7,2.0,2,14.0,1,1,-0.018073710438009444
L10484,Operations,Remote,Analyst,B,AI Awareness,26-01-2026,58.9,94.5,82.1,3.0,1,18.0,1,4,0.3463393130275496
L10506,Operations,Leeds,Manager,B,Responsible AI,27-02-2026,53.3,148.9,65.1,3.0,1,20.0,1,4,0.017192066026399187
L10532,Customer Support,Leeds,Analyst,A,AI Awareness,21-02-2026,12.7,93.8,18.4,2.0,3,12.0,0,0,-2.369125474731941
L10136,Operations,Remote,Manager,D,ML Foundations,09-01-2026,32.1,86.3,70.2,3.0,3,17.0,0,4,-1.228865369049384
L10498,HR,Remote,Manager,A,AI Awareness,09-02-2026,63.0,91.0,83.3,3.0,4,7.0,1,2,0.5873221188676776
L10202,Customer Support,Birmingham,Specialist,A,Python Basics,13-02-2026,40.3,113.3,62.6,1.0,3,16.0,1,0,-0.7468997573691284
L10084,Sales,Birmingham,Manager,B,Responsible AI,09-02-2026,50.5,235.1,70.6,2.0,3,30.0,0,5,-0.1473815574741758
L10113,IT,Manchester,Manager,B,Responsible AI,18-03-2026,77.9,237.5,22.1,4.0,2,21.0,0,3,1.4630889010671673
L10184,HR,Remote,Associate,B,ML Foundations,17-03-2026,53.3,112.6,61.6,5.0,1,21.0,1,2,0.017192066026399187
L10043,IT,Birmingham,Coordinator,C,Data Literacy,18-02-2026,58.8,150.5,52.0,1.0,3,23.0,0,3,0.3404616836168147
L10583,Support,Remote,Technician,B,AI Awareness,08-02-2026,53.2,109.0,80.1,5.0,1,8.0,1,6,0.011314436615664693
L10505,Customer Support,Remote,Manager,A,ML Foundations,27-01-2026,52.8,58.0,62.2,3.0,3,9.0,0,0,-0.01219608102727495
L10541,IT,Remote,Specialist,B,Data Literacy,31-01-2026,35.4,83.0,51.5,2.0,4,13.0,0,3,-1.034903598495135
L10061,Sales,Remote,Manager,C,Data Literacy,17-01-2026,86.8,177.4,66.3,3.0,1,21.0,1,5,1.9861979186225664
L10087,IT,Remote,Technician,C,ML Foundations,04-03-2026,39.9,120.1,79.6,4.0,2,12.0,1,3,-0.7704102750120676
L10544,HR,Birmingham,Coordinator,C,AI Awareness,22-01-2026,40.0,130.8,51.8,2.0,3,11.0,0,2,-0.7645326456013327
L10226,Sales,Bristol,Analyst,B,Responsible AI,16-03-2026,35.1,188.2,91.6,5.0,2,14.0,1,5,-1.0525364867273392
L10470,Finance,Remote,Coordinator,C,ML Foundations,05-02-2026,58.1,167.9,100.0,5.0,2,12.0,1,1,0.2993182777416712
L10291,Support,Cardiff,Analyst,C,Data Literacy,13-01-2026,67.5,147.8,100.0,1.0,2,9.0,1,6,0.8518154423507449
L10579,IT,Birmingham,Associate,A,Responsible AI,27-03-2026,72.0,84.7,66.3,3.0,2,7.0,0,3,1.1163087658338122
L10111,Support,London,Manager,D,Responsible AI,29-03-2026,75.0,104.7,85.2,3.0,3,11.0,1,6,1.292637648155857
L10033,Operations,Remote,Associate,B,AI Awareness,27-03-2026,28.0,175.7,92.1,2.0,0,10.0,1,4,-1.469848174889512
L10173,IT,Edinburgh,Coordinator,D,AI Awareness,05-01-2026,28.3,150.9,88.3,3.0,0,19.0,1,3,-1.4522152866573075
L10000,Customer Support,Birmingham,Specialist,A,ML Foundations,05-02-2026,53.3,123.3,64.2,5.0,3,13.0,1,0,0.017192066026399187
L10135,Support,Remote,Specialist,A,Data Literacy,07-01-2026,30.1,109.4,66.3,1.0,2,21.0,0,6,-1.3464179572640806
L10465,Sales,Cardiff,Manager,C,AI Awareness,04-02-2026,53.4,230.4,72.1,2.0,2,21.0,1,5,0.023069695437134097
L10358,Finance,London,Technician,A,Data Literacy,04-03-2026,45.4,125.7,41.3,5.0,1,15.0,0,1,-0.4471406574216521
L10225,Support,Bristol,Technician,A,Data Literacy,04-03-2026,64.2,105.4,49.5,2.0,3,30.0,0,6,0.6578536717964958
L10326,IT,Birmingham,Manager,B,Responsible AI,06-02-2026,56.4,180.1,85.4,1.0,3,3.0,1,3,0.19939857775917894
L10513,Finance,Leeds,Analyst,C,Python Basics,07-01-2026,60.5,167.7,56.0,2.0,3,21.0,0,1,0.44038138359930695
L10190,Operations,Remote,Analyst,B,Data Literacy,15-01-2026,53.3,150.4,66.3,2.0,3,24.0,1,4,0.017192066026399187
L10529,Support,Manchester,Analyst,D,Data Literacy,25-03-2026,61.9,54.5,83.0,1.0,2,24.0,1,6,0.5226681953495944
L10243,IT,Bristol,Associate,B,Data Literacy,20-03-2026,43.0,188.7,50.8,5.0,3,11.0,1,3,-0.5882037632792879
L10266,Operations,Remote,Manager,A,Responsible AI,15-02-2026,31.0,186.3,67.6,5.0,3,25.0,1,4,-1.2935192925674672
L10537,Operations,Manchester,Analyst,A,Python Basics,11-02-2026,49.3,126.0,59.3,4.0,1,17.0,1,4,-0.2179131104029939
L10048,IT,Bristol,Technician,B,ML Foundations,05-02-2026,55.5,88.7,68.1,2.0,1,5.0,0,3,0.14649991306256557
L10204,IT,London,Associate,B,AI Awareness,13-01-2026,63.3,148.4,100.0,3.0,3,11.0,1,3,0.6049550070998819
L10102,Customer Support,London,Specialist,A,Python Basics,26-01-2026,47.0,144.3,63.2,5.0,7,4.0,1,0,-0.3530985868498948
L10066,Customer Support,Cardiff,Analyst,C,AI Awareness,01-04-2026,55.2,125.2,66.7,4.0,0,11.0,0,0,0.12886702483036125
L10022,IT,Leeds,Manager,D,Data Literacy,14-02-2026,68.5,154.9,56.8,3.0,2,12.0,0,3,0.9105917364580931
L10597,Customer Support,Remote,Associate,B,Python Basics,23-01-2026,59.7,129.2,60.0,1.0,1,13.0,1,0,0.3933603483134285
L10463,Operations,Birmingham,Manager,B,ML Foundations,30-03-2026,77.3,113.1,80.7,5.0,2,21.0,1,4,1.4278231246027577
L10510,Finance,Remote,Manager,A,Data Literacy,22-03-2026,62.0,172.0,58.0,5.0,5,15.0,1,1,0.5285458247603294
L10332,Operations,London,Analyst,B,Python Basics,03-04-2026,67.2,122.8,61.5,3.0,3,16.0,1,4,0.8341825541185406
L10350,HR,Remote,Manager,A,AI Awareness,09-01-2026,49.6,240.8,52.8,2.0,1,22.0,1,2,-0.2002802221707892
L10253,Operations,London,Specialist,B,ML Foundations,14-01-2026,72.0,115.6,66.3,4.0,5,13.0,1,4,1.1163087658338122
L10467,Operations,Bristol,Associate,C,Data Literacy,16-02-2026,32.4,176.7,70.7,4.0,6,17.0,1,4,-1.2112324808171797
L10469,Operations,Cardiff,Coordinator,A,Data Literacy,29-01-2026,100.0,144.8,77.4,4.0,2,22.0,1,4,2.762045000839564
L10161,IT,Remote,Manager,A,AI Awareness,30-03-2026,64.3,153.6,29.9,1.0,2,18.0,0,3,0.6637313012072302
L10374,Sales,Remote,Manager,A,Data Literacy,05-02-2026,65.9,80.1,72.4,5.0,0,14.0,1,5,0.757773371778988
L10064,Operations,Remote,Associate,A,AI Awareness,13-02-2026,73.0,126.3,77.0,5.0,2,12.0,1,4,1.1750850599411604
L10420,HR,Cardiff,Manager,C,ML Foundations,24-02-2026,25.2,157.3,53.9,5.0,2,17.0,1,2,-1.6344217983900873
L10203,Customer Support,Remote,Specialist,C,ML Foundations,17-01-2026,62.9,249.8,52.6,3.0,3,11.0,1,0,0.5814444894569427
L10526,Sales,Manchester,Coordinator,B,Data Literacy,12-02-2026,66.3,125.2,48.1,3.0,4,20.0,1,5,0.7812838894219267
L10567,IT,Birmingham,Specialist,A,AI Awareness,19-02-2026,40.1,48.1,45.5,5.0,4,20.0,0,3,-0.7586550161905978
L10224,HR,Birmingham,Technician,C,Responsible AI,31-03-2026,72.8,89.8,100.0,3.0,0,13.0,1,2,1.1633298011196906
L10209,Finance,London,Associate,A,AI Awareness,01-04-2026,19.1,125.5,61.9,1.0,0,14.0,0,1,-1.9929571924449117
L10573,Operations,Edinburgh,Manager,B,Responsible AI,06-01-2026,77.6,149.3,90.3,2.0,2,12.0,1,4,1.445456012834962
L10497,Customer Support,Birmingham,Specialist,A,ML Foundations,28-03-2026,66.7,120.2,64.6,5.0,3,9.0,0,0,0.8047944070648664
L10306,Customer Support,Edinburgh,Technician,C,ML Foundations,28-02-2026,57.3,114.9,71.7,3.0,4,22.0,1,0,0.25229724245579227
L10169,Operations,Remote,Coordinator,A,AI Awareness,17-01-2026,56.6,72.5,36.6,5.0,5,18.0,0,4,0.21115383658064876
L10366,Operations,Leeds,Technician,C,Responsible AI,24-03-2026,49.7,94.2,53.5,4.0,2,24.0,0,4,-0.19440259276005428
L10354,IT,Remote,Specialist,B,Data Literacy,23-01-2026,54.8,118.1,53.8,5.0,1,14.0,0,3,0.10535650718742161
L10584,Sales,London,Technician,A,AI Awareness,02-04-2026,51.3,44.9,73.5,5.0,1,17.0,1,5,-0.10036052218829737
L10413,Finance,London,Technician,B,Python Basics,30-03-2026,58.6,55.7,44.9,3.0,2,6.0,0,1,0.3287064247953453
L10230,Sales,London,Technician,A,Data Literacy,07-01-2026,66.5,117.7,66.3,5.0,1,9.0,0,5,0.7930391482433966
L10046,Sales,Birmingham,Specialist,C,AI Awareness,03-03-2026,64.2,122.7,53.0,2.0,2,17.0,1,5,0.6578536717964958
L10500,Customer Support,Cardiff,Specialist,B,Data Literacy,05-01-2026,75.2,82.6,55.4,3.0,2,12.0,0,0,1.3043929069773268
L10240,HR,London,Coordinator,B,Python Basics,15-03-2026,60.3,82.8,66.3,2.0,0,8.0,1,2,0.4286261247778371
L10399,Finance,Birmingham,Technician,C,AI Awareness,26-01-2026,54.9,117.4,24.0,2.0,3,10.0,0,1,0.11123413659815651
L10247,Sales,Bristol,Analyst,A,Data Literacy,18-01-2026,67.9,113.0,89.9,4.0,1,27.0,1,5,0.8753259599936846
L10455,Operations,Cardiff,Technician,C,Data Literacy,24-01-2026,39.4,125.5,66.6,4.0,6,8.0,0,4,-0.7997984220657418
L10205,HR,London,Coordinator,A,ML Foundations,22-02-2026,54.7,178.4,94.5,5.0,2,21.0,1,2,0.09947887777668711
L10108,Operations,Leeds,Technician,C,AI Awareness,06-03-2026,37.3,132.9,44.2,1.0,3,20.0,0,4,-0.9232286396911732
L10290,Operations,Remote,Specialist,A,Data Literacy,29-01-2026,69.1,139.3,70.8,4.0,4,24.0,1,4,0.9458575129225018
L10001,IT,London,Specialist,D,Data Literacy,31-03-2026,53.3,183.9,57.1,2.0,2,29.0,0,3,0.017192066026399187
L10328,Sales,London,Technician,D,Python Basics,16-01-2026,85.8,113.6,53.7,4.0,3,12.0,1,5,1.9274216245152183
L10507,Support,Leeds,Coordinator,B,Responsible AI,20-01-2026,58.4,184.5,58.1,2.0,1,17.0,0,6,0.31695116597387546
L10576,IT,Edinburgh,Technician,C,Python Basics,05-02-2026,57.0,79.7,94.4,4.0,0,11.0,1,3,0.23466435422358797
L10552,Sales,Remote,Specialist,C,ML Foundations,20-01-2026,66.1,45.0,33.2,3.0,6,14.0,0,5,0.769528630600457
L10403,HR,London,Associate,A,Data Literacy,31-03-2026,40.9,150.0,52.9,2.0,1,31.0,0,2,-0.7116339809047194
L10536,Operations,Edinburgh,Technician,D,Data Literacy,20-01-2026,71.0,126.8,63.4,1.0,0,14.0,0,4,1.0575324717264638
L10261,Finance,Leeds,Technician,B,AI Awareness,27-01-2026,53.3,181.7,53.2,4.0,3,8.0,0,1,0.017192066026399187
L10388,IT,Manchester,Associate,D,AI Awareness,23-03-2026,79.3,81.8,62.3,4.0,1,22.0,1,3,1.5453757128174543
L10144,Sales,Manchester,Coordinator,C,ML Foundations,06-01-2026,42.4,154.1,76.4,4.0,2,16.0,1,5,-0.6234695397436969
L10440,Customer Support,Remote,Coordinator,C,ML Foundations,10-01-2026,56.6,201.2,41.4,3.0,5,6.0,0,0,0.21115383658064876
L10186,Operations,London,Specialist,A,AI Awareness,04-02-2026,66.3,238.8,36.4,1.0,0,12.0,0,4,0.7812838894219267
L10052,HR,Manchester,Manager,A,Data Literacy,13-03-2026,59.6,90.6,48.4,4.0,4,14.0,1,2,0.3874827189026936
L10355,Operations,Remote,Specialist,A,Data Literacy,08-03-2026,19.1,177.8,34.5,1.0,2,23.0,0,4,-1.9929571924449117
L10245,Customer Support,London,Analyst,A,ML Foundations,12-02-2026,55.3,89.6,66.3,1.0,1,11.0,0,0,0.13474465424109575
L10058,Operations,Cardiff,Associate,D,AI Awareness,10-01-2026,71.5,126.3,81.2,3.0,3,6.0,1,4,1.086920618780138
L10434,Operations,Cardiff,Specialist,B,AI Awareness,27-03-2026,93.0,104.3,66.3,4.0,2,15.0,1,4,2.350610942088126
L10575,Sales,Leeds,Specialist,B,Python Basics,03-02-2026,48.6,87.0,66.4,3.0,6,7.0,1,5,-0.25905651627813747
L10182,IT,Birmingham,Coordinator,A,Responsible AI,28-03-2026,74.6,114.0,49.1,2.0,3,23.0,0,3,1.2691271305129173
L10492,Finance,Edinburgh,Specialist,B,AI Awareness,08-01-2026,42.9,120.9,64.6,3.0,1,7.0,0,1,-0.5940813926900228
L10348,Finance,Remote,Analyst,B,ML Foundations,07-01-2026,29.4,115.2,67.9,3.0,1,17.0,0,1,-1.3875613631392245
L10443,Operations,Edinburgh,Specialist,B,ML Foundations,02-03-2026,37.2,114.0,75.5,4.0,1,12.0,1,4,-0.9291062691019077
L10360,Sales,Remote,Manager,C,ML Foundations,30-03-2026,50.7,67.5,68.0,4.0,3,9.0,1,5,-0.135626298652706
L10049,Operations,Remote,Associate,A,ML Foundations,07-03-2026,79.9,116.9,75.0,5.0,4,13.0,1,4,1.5806414892818639
L10312,Operations,Bristol,Associate,B,ML Foundations,01-03-2026,33.1,101.0,50.4,3.0,4,10.0,0,4,-1.1700890749420358
L10137,IT,Manchester,Associate,D,AI Awareness,11-01-2026,57.4,77.8,73.0,5.0,0,22.0,1,3,0.2581748718665272
L10486,Operations,Edinburgh,Coordinator,A,ML Foundations,22-01-2026,40.8,151.9,42.6,3.0,0,1.0,0,4,-0.7175116103154543
L10275,HR,Remote,Manager,C,Python Basics,03-03-2026,50.6,124.2,72.0,2.0,2,12.0,1,2,-0.14150392806344092
L10395,Sales,Manchester,Specialist,C,Data Literacy,25-02-2026,70.1,165.5,50.5,1.0,0,19.0,0,5,1.0046338070298502
L10129,IT,London,Manager,B,Data Literacy,18-03-2026,53.3,110.3,95.5,4.0,0,10.0,1,3,0.017192066026399187
L10214,Sales,London,Manager,C,Responsible AI,27-03-2026,100.0,108.0,37.3,3.0,4,14.0,0,5,2.762045000839564
L10274,Operations,London,Manager,C,AI Awareness,10-01-2026,26.6,88.2,68.8,5.0,3,30.0,1,4,-1.5521349866397995
L10012,IT,Remote,Coordinator,D,AI Awareness,22-02-2026,48.9,77.7,81.8,3.0,0,15.0,1,3,-0.24142362804593315
L10234,IT,Remote,Specialist,B,Python Basics,20-01-2026,60.7,80.7,72.4,1.0,3,2.0,0,3,0.4521366424207768
L10477,Operations,London,Coordinator,A,Responsible AI,03-04-2026,64.7,172.3,26.4,2.0,1,19.0,0,4,0.6872418188501699
L10472,Customer Support,Leeds,Specialist,B,Responsible AI,25-01-2026,53.3,114.7,77.8,4.0,2,5.0,1,0,0.017192066026399187
L10187,Finance,Edinburgh,Manager,A,ML Foundations,21-02-2026,45.3,253.8,71.5,5.0,1,25.0,1,1,-0.45301828683238704
L10417,Operations,Bristol,Associate,B,Responsible AI,18-02-2026,69.0,98.7,94.2,2.0,1,14.0,1,4,0.9399798835117673
L10347,Sales,London,Coordinator,B,Responsible AI,03-02-2026,41.0,131.6,67.8,4.0,3,25.0,1,5,-0.7057563514939844
L10241,Sales,Birmingham,Technician,B,AI Awareness,23-02-2026,56.4,68.2,62.7,4.0,1,10.0,0,5,0.19939857775917894
L10296,Sales,Manchester,Coordinator,B,Responsible AI,30-03-2026,17.0,168.1,60.0,4.0,7,10.0,0,5,-2.116387410070343
L10571,Customer Support,Birmingham,Associate,D,Python Basics,10-02-2026,86.3,90.1,60.4,5.0,1,20.0,1,0,1.9568097715688924
L10436,Operations,London,Manager,B,Python Basics,10-02-2026,37.3,176.1,100.0,1.0,4,14.0,1,4,-0.9232286396911732
L10534,HR,Birmingham,Manager,A,ML Foundations,05-03-2026,63.7,64.0,100.0,3.0,1,16.0,1,2,0.6284655247428216
L10577,IT,Birmingham,Technician,B,Responsible AI,20-02-2026,53.3,53.0,66.0,3.0,0,15.0,1,3,0.017192066026399187
L10125,HR,Edinburgh,Specialist,A,Data Literacy,13-03-2026,73.8,126.6,77.8,1.0,4,14.0,1,2,1.2221060952270388
L10056,Sales,Birmingham,Coordinator,B,AI Awareness,03-02-2026,26.4,177.0,85.9,3.0,2,20.0,1,5,-1.5638902454612693
L10501,IT,Edinburgh,Specialist,D,ML Foundations,21-03-2026,26.8,122.8,33.9,2.0,3,6.0,0,3,-1.54037972781833
L10382,Sales,Manchester,Coordinator,B,ML Foundations,19-03-2026,65.3,122.1,40.7,4.0,0,10.0,0,5,0.7225075953145785
