learner_id,department,region,role_family,employee_band,training_type,enrolment_date,prior_python_score,course_minutes,engagement_score,manager_support_score,support_tickets_last_30d,completion_days,completed_on_time
L10387, OPERATIONS ,Remote,Technician,A,ML Foundations,15-02-2026,41.9,189.8,91.3,4,1,20,1
L10089,Sales,Unknown,Associate,A,ML Foundations,07-02-2026,39.6,191.8,84.7,,1,23,1
L10448,operations,Manchester,Analyst,B,AI Awareness,10-03-2026,36.1,93.6,100,1,3,13,1
L10599,Human Resources,Manchester,Technician,C,AI Awareness,05-01-2026,55.7,186,37.1,4,4,8,0
L10227,IT,Edinburgh,Coordinator,B,Data Literacy,08-03-2026,10.6,237.5,47.9,1,1,15,0
L10139,Operations,London,Analyst,A,Data Literacy,28-01-2026,51.6,243,77.7,2,4,19,1
L10522,finance,Remote,Specialist,C,Responsible AI,28-03-2026,38.4,176.1,,,0,12,1
L10284,Sales,London,Manager,B,AI Awareness,01-03-2026,,177.4,87.8,2,2,10,0
L10124,Information Technology,Birmingham,Analyst,A,AI Awareness,07-01-2026,43.9,125.6,35,3,2,24,0
L10054,Sales,Edinburgh,Analyst,A,Python Basics,31-03-2026,,98.8,53,1,1,14,0
L10088,Sales,London,Specialist,B,Data Literacy,21-03-2026,74.8,159.7,66,5,3,9,1
L10527,Information Technology,Bristol,Associate,B,AI Awareness,14-02-2026,46.2,117.2,100,3,0,0,1
L10192,Operations,Manchester,Coordinator,A,Responsible AI,05-02-2026,50.5,183.6,66.5,3,2,10,1
L10098,Information Technology,London,Manager,D,ML Foundations,29-03-2026,64,56.3,76.7,4,1,4,1
L10520,Customer Support,Bristol,Associate,B,Responsible AI,02-03-2026,45.5,150.7,92.9,1,3,29,1
L10002,Customer Support,,Technician,B,Responsible AI,12-02-2026,48.6,57.8,33.2,2,3,17,0
L10062,Sales,Manchester,Associate,C,Python Basics,08-01-2026,66.4,107.8,77.4,3,2,16,1
L10299,,Remote,Specialist,D,Python Basics,07-03-2026,29.9,175.5,80.2,5,2,5,1
L10091,operations,remote ,Coordinator,B,Python Basics,23-02-2026,27.6,127.6,100,1,5,10,1
L10427,Information Technology,Unknown,Coordinator,D,Python Basics,14-02-2026,49.3,142.6,79.9,5,3,21,1
L10543, OPERATIONS ,Leeds,Technician,A,Data Literacy,09-03-2026,23.6,186.6,51.6,2,3,21,0
L10396,Finance,Birmingham,Associate,A,Python Basics,25-01-2026,46.1,179.7,92.1,3,1,13,1
L10548,Customer Support,Manchester,Analyst,C,Python Basics,10-02-2026,55.3,84.4,58.7,1,2,13,0
L10250,Support,London,Analyst,B,Responsible AI,07-03-2026,53.5,241.9,20.1,3,5,6,0
L10060,finance,Birmingham,Technician,B,Responsible AI,24-01-2026,58.2,157.4,25.1,2,1,18,0
L10251,HR,Manchester,Associate,B,AI Awareness,26-03-2026,52.6,118,83.7,1,5,8,1
L10032,Finance,Birmingham,Specialist,D,Python Basics,12-02-2026,63.8,121.7,41.2,5,3,17,0
L10376,HR,London,Coordinator,B,Data Literacy,01-02-2026,62.6,88.2,87.6,1,1,13,1
L10308,HR,Edinburgh,Coordinator,C,Data Literacy,19-01-2026,47.8,234.6,41.9,5,2,12,0
L10040,HR,London,Technician,B,AI Awareness,not recorded,37.3,92.6,100,2,2,29,1
L10380,Sales,Manchester,Coordinator,B,Python Basics,21-03-2026,34.7,126.3,100,5,1,18,1
L10271,IT,Manchester,Coordinator,A,ML Foundations,03-04-2026,69.6,180,92.4,1,0,13,1
L10369,Finance,Leeds,Coordinator,C,Responsible AI,10-03-2026,75.6,158.6,74.4,3,2,8,1
L10346,finance,London,Specialist,A,Responsible AI,20-01-2026,56.6,166.9,19.5,,1,1,0
L10474,HR,Unknown,Analyst,A,Responsible AI,23-01-2026,89.4,80.2,90.5,4,1,23,1
L10538,Operations,London,Analyst,A,AI Awareness,21-01-2026,13,131.2,,3,4,22,0
L10482,IT,Remote,Coordinator,C,ML Foundations,16-02-2026,61.1,100,57,4,2,15,1
L10037,IT,Bristol,Analyst,A,ML Foundations,31-03-2026,3.2,238.7,999,1,3,20,1
L10212, OPERATIONS ,Manchester,Technician,A,Data Literacy,12-01-2026,72.8,139.6,76.1,5,2,20,1
L10231,operations,London,Analyst,C,ML Foundations,26-02-2026,42.2,126.1,59.4,2,3,10,1
L10065,HR,Edinburgh,Associate,B,Data Literacy,03-03-2026,82,117,95.2,2,1,13,1
L10068,Support,Unknown,Associate,C,Data Literacy,08-03-2026,22.7,64,84.7,4,0,10,1
L10373,operations,Leeds,Technician,A,ML Foundations,24-01-2026,72.7,179,,4,1,11,1
L10267,Finance,London,Technician,B,Data Literacy,10-01-2026,59.4,96,72.5,5,4,12,1
L10072,operations,Manchester,Associate,B,Python Basics,21-02-2026,75.7,121.6,44.7,3,1,11,0
L10174,operations,London,Specialist,A,Data Literacy,12-03-2026,79.2,87.1,85.4,5,0,22,1
L10181, OPERATIONS ,Manchester,Analyst,A,Responsible AI,23-02-2026,,52.5,37.3,1,4,13,0
L10211,Support,Manchester,Analyst,C,Python Basics,16-02-2026,43.1,67.9,55.4,2,3,12,0
L10556,Information Technology,Cardiff,Technician,A,AI Awareness,23-01-2026,55.2,113.9,65.3,2,2,24,1
L10146,Customer Support,remote ,Analyst,A,AI Awareness,22-01-2026,47.6,116.6,67.9,3,0,3,1
L10256,Customer Support,Cardiff,Manager,A,Data Literacy,16-02-2026,47.8,98.2,51.1,4,1,16,1
L10097,Sales,Bristol,Analyst,C,Python Basics,26-02-2026,87.5,177.4,83.5,2,1,16,1
L10421,finance,Edinburgh,Technician,C,AI Awareness,22-02-2026,24.8,132.5,23.2,1,5,11,0
L10368,IT,Cardiff,Manager,B,Python Basics,25-03-2026,80,148.3,60.4,2,0,8,1
L10391,Sales,Bristol,Specialist,C,Data Literacy,23-03-2026,31,114.4,87.7,5,3,16,1
L10598,operations,Birmingham,Manager,A,AI Awareness,21-01-2026,37.3,70.8,70.5,3,2,20,0
L10595,sales,London,Associate,B,ML Foundations,03-03-2026,50,175,54.4,3,2,10,1
L10337, OPERATIONS ,Manchester,Specialist,C,ML Foundations,26-03-2026,76.4,153,81.8,5,3,,1
L10039,Customer Support,Manchester,Associate,A,Data Literacy,18-03-2026,49.8,123.3,87.4,,3,12,1
L10109,finance,Leeds,Technician,B,Python Basics,30-03-2026,19.1,58.3,62.3,3,3,6,0
L10055,Human Resources,Birmingham,Analyst,D,ML Foundations,17-03-2026,59.1,90.7,51.4,4,2,20,0
L10050,Information Technology,Leeds,Coordinator,A,Data Literacy,25-01-2026,61.6,92.8,83.3,2,1,21,1
L10503,HR,Remote,Coordinator,A,AI Awareness,14-03-2026,47.7,57.2,54.1,1,1,9,0
L10077, OPERATIONS ,Remote,Associate,A,Responsible AI,23-01-2026,45.2,191.1,78.2,5,0,19,1
L10343,Operations,Manchester,Associate,B,AI Awareness,22-02-2026,53.4,238.6,60.4,3,1,20,1
L10159,finance,REMOTE,Associate,B,Data Literacy,07-03-2026,2.6,57.7,60.7,,2,20,1
L10317,,Manchester,Coordinator,D,Data Literacy,18-03-2026,,123.6,80,3,3,16,1
L10094,Sales,Unknown,Manager,C,ML Foundations,06-03-2026,55.3,108,68.6,5,1,14,1
L10017,Finance,Manchester,Technician,D,Data Literacy,11-03-2026,87.9,237.6,88,3,1,13,1
L10165,Operations,Bristol,Coordinator,C,AI Awareness,27-03-2026,64.8,132.1,73.7,1,1,19,1
L10228,Human Resources,London,Coordinator,A,Data Literacy,25-01-2026,57.2,58.1,100,1,0,19,1
L10476,IT,Unknown,Coordinator,B,Python Basics,28-03-2026,77.1,172.7,62.5,5,3,9,1
L10116,operations,remote ,Coordinator,B,AI Awareness,01-03-2026,34.6,118,59.4,1,3,13,0
L10030,finance,Cardiff,Manager,B,ML Foundations,27-01-2026,77.9,60.5,,4,3,7,1
L10288,Information Technology,Bristol,Associate,A,Data Literacy,14-02-2026,64.8,98.5,74.5,2,1,13,1
L10215,Customer Support,remote ,Associate,B,Data Literacy,18-01-2026,64.1,121.4,19,1,4,13,0
L10106,Information Technology,Leeds,Manager,A,AI Awareness,21-02-2026,45,112.8,60.9,1,4,13,0
L10166,Customer Support,Leeds,Coordinator,B,AI Awareness,24-02-2026,70.3,89.1,57.4,3,2,17,0
L10128,Customer Support,Bristol,Manager,C,AI Awareness,03-03-2026,61.6,94.5,84.4,5,1,8,1
L10589,operations,Birmingham,Manager,D,Python Basics,03-03-2026,62.9,96.2,100,5,4,9,1
L10555, OPERATIONS ,Birmingham,Technician,B,Data Literacy,14-01-2026,46.3,116.3,75.6,4,1,22,1
L10379,HR,Bristol,Analyst,A,Responsible AI,15-03-2026,13.3,128.1,68.1,2,2,4,1
L10512,finance,Manchester,Manager,A,Python Basics,13-03-2026,67.8,87.6,77.7,2,2,14,1
L10090,finance,remote ,Coordinator,B,AI Awareness,16-02-2026,64,60.8,82.7,4,1,12,1
L10525,finance,Manchester,Associate,A,ML Foundations,17-03-2026,75.4,153.1,77.2,4,1,16,1
L10450,Human Resources,REMOTE,Manager,C,Python Basics,10-03-2026,35.8,89.7,51.5,5,3,10,1
L10112, OPERATIONS ,Birmingham,Manager,B,Data Literacy,12-02-2026,42.9,233.1,54.9,1,2,17,1
L10295,finance,Remote,Technician,D,ML Foundations,17-03-2026,88,250,57.4,1,1,8,1
L10361,Customer Support,Remote,Coordinator,B,Data Literacy,26-02-2026,28.1,128.6,62.8,2,3,26,0
L10283,sales,Birmingham,Analyst,A,Data Literacy,21-02-2026,29.8,130.9,71.9,4,5,10,0
L10316,IT,Cardiff,Manager,C,ML Foundations,04-02-2026,59.3,152.6,78.9,1,2,24,1
L10549,Operations,Manchester,Manager,B,Data Literacy,01-03-2026,89.9,50.8,65,5,5,16,1
L10414,finance,Leeds,Technician,A,AI Awareness,01-04-2026,61.4,113.5,,5,2,7,0
L10006,Customer Support,Cardiff,Coordinator,C,Python Basics,21-01-2026,50.5,175.3,100,1,0,6,1
L10422,HR,,Specialist,A,AI Awareness,31-01-2026,61.4,191.6,57.6,5,1,16,1
L10519,Sales,Unknown,Associate,A,Data Literacy,26-03-2026,30.6,144.8,85.2,1,3,17,0
L10400,Operations,Leeds,Manager,C,AI Awareness,02-02-2026,55.8,121.3,60.2,,2,25,0
L10195,Sales,Bristol,Associate,B,Data Literacy,not recorded,30.9,140.1,44.2,2,2,17,0
L10189,HR,Unknown,Analyst,A,Responsible AI,25-02-2026,17.8,158.1,59,1,3,6,0
L10132,Support,Bristol,Manager,B,Python Basics,12-02-2026,38.5,80.8,73.3,1,2,8,1
L10238,Operations,REMOTE,Analyst,A,ML Foundations,06-03-2026,61.3,152.8,68.3,3,2,17,1
L10458,Operations,London,Technician,A,Data Literacy,16-03-2026,36.7,97.7,95.3,1,1,16,1
L10318,Information Technology,Birmingham,Analyst,C,ML Foundations,13-01-2026,66.8,121.3,57.9,2,1,0,1
L10194,Finance,Remote,Associate,B,ML Foundations,18-03-2026,81.3,82.7,87.6,5,0,9,1
L10141,IT,Birmingham,Manager,C,ML Foundations,22-01-2026,125,148.7,74.4,4,1,19,1
L10047,Information Technology,London,Coordinator,C,Responsible AI,02-03-2026,73.4,112.5,78.2,2,3,8,1
L10210, OPERATIONS ,Leeds,Analyst,A,Data Literacy,28-03-2026,76.4,125.6,31.1,4,1,13,0
L10553,Sales,Unknown,Analyst,D,ML Foundations,04-03-2026,58,236.3,39.5,2,0,11,0
L10401,IT,Unknown,Manager,B,ML Foundations,21-01-2026,,125.2,77,1,2,20,0
L10178, OPERATIONS ,Unknown,Associate,C,AI Awareness,15-02-2026,54.1,120.6,69.6,3,2,17,1
L10580,Information Technology,Leeds,Associate,C,Data Literacy,15-01-2026,48.3,58.1,53.5,3,3,18,0
L10439,Support,London,Coordinator,C,Responsible AI,13-02-2026,41.9,156.9,53.7,4,3,11,0
L10155,Finance,Cardiff,Associate,B,Python Basics,not recorded,85.7,84,46.3,4,2,14,1
L10322,finance,Remote,Analyst,B,ML Foundations,08-02-2026,26.4,147.8,,5,0,21,0
L10070,Human Resources,Remote,Specialist,B,AI Awareness,25-02-2026,56.6,182.6,57.3,2,1,20,1
L10021,HR,London,Analyst,D,ML Foundations,10-01-2026,62.8,61.3,45.5,4,3,8,1
L10138,Finance,Unknown,Associate,D,AI Awareness,05-01-2026,62.8,243.7,45.1,5,3,20,0
L10259,Finance,,Manager,A,Data Literacy,18-01-2026,57.7,139.1,57.2,1,5,19,0
L10038,Human Resources,Manchester,Technician,B,Data Literacy,10-01-2026,75.3,80.6,91.4,3,1,21,1
L10330,Operations,Manchester,Manager,B,ML Foundations,14-02-2026,38.4,86.6,83.6,4,3,22,1
L10561,Sales,Birmingham,Specialist,A,AI Awareness,06-02-2026,31.3,92.1,31.3,5,3,12,0
L10063,Human Resources,London,Analyst,A,Python Basics,11-01-2026,44.9,253.2,52.5,4,4,20,0
L10123,sales,Unknown,Coordinator,C,Responsible AI,11-01-2026,,146.7,66.6,4,4,13,1
L10273,operations,Remote,Analyst,C,ML Foundations,02-03-2026,44.8,80.5,41.6,3,4,23,0
L10004,IT,Remote,Specialist,A,ML Foundations,14-02-2026,43.8,60.3,59.4,,2,22,1
L10150,Information Technology,London,Associate,C,ML Foundations,21-03-2026,93.3,87.1,58.4,5,1,19,1
L10160,Support,Bristol,Analyst,D,Responsible AI,20-01-2026,40.2,83.6,51.8,5,1,,1
L10415,Information Technology,Unknown,Associate,A,AI Awareness,19-01-2026,66.9,113.7,46.2,5,1,13,0
L10557,HR,Birmingham,Manager,C,Data Literacy,20-01-2026,46.5,250.3,80.1,1,2,20,1
L10074,operations,Manchester,Specialist,A,Responsible AI,15-03-2026,68,129.2,59.9,2,2,18,1
L10145,HR,London,Manager,B,ML Foundations,26-03-2026,29.3,61.1,61.3,3,3,10,0
L10218,Human Resources,Birmingham,Technician,C,Data Literacy,05-03-2026,57.6,59.2,51.5,2,1,12,0
L10185,Support,Remote,Analyst,B,AI Awareness,20-03-2026,39,87.9,56.3,1,2,11,0
L10554,Human Resources,Cardiff,Analyst,A,Python Basics,25-03-2026,33.4,134.6,64.7,5,2,22,1
L10594,Information Technology,Birmingham,Technician,A,Responsible AI,15-02-2026,46.7,72.7,74.4,4,0,20,1
L10289,Customer Support,Birmingham,Specialist,A,AI Awareness,06-03-2026,56.1,112.4,52.1,1,3,10,0
L10404,Finance,remote ,Associate,C,AI Awareness,17-03-2026,46,-30,32.9,2,1,15,0
L10499,IT,Bristol,Analyst,B,Data Literacy,29-03-2026,14.9,145.1,48.8,3,1,19,0
L10078,Finance,Bristol,Technician,A,Responsible AI,06-03-2026,38.9,242.4,53.9,3,2,14,0
L10489,sales,remote ,Specialist,B,AI Awareness,21-02-2026,60.4,185.7,90.4,1,3,6,1
L10468,sales,London,Associate,B,Responsible AI,03-02-2026,39.9,184.3,75,2,3,19,0
L10170,IT,Bristol,Analyst,A,Python Basics,24-03-2026,20,173.5,71.4,1,1,10,0
L10026,finance,Cardiff,Manager,B,Responsible AI,03-02-2026,37.6,110.7,69.1,2,1,18,0
L10114,sales,REMOTE,Analyst,C,Data Literacy,24-01-2026,51.1,170,70.3,3,6,14,1
L10321,Finance,London,Technician,A,AI Awareness,10-03-2026,75.8,68.5,32.6,2,1,21,0
L10257,Information Technology,,Associate,B,Data Literacy,06-02-2026,56.3,89.4,45.4,1,2 tickets,16,0
L10426,sales,London,Coordinator,D,AI Awareness,20-02-2026,47,145,59.6,,3,18,0
L10490, OPERATIONS ,,Manager,A,Data Literacy,12-02-2026,39.6,242.6,60.4,1,1,21,0
L10428,HR,Remote,Manager,A,Python Basics,14-01-2026,60.5,144.5,82.7,5,3,13,1
L10148,finance,London,Manager,A,Data Literacy,19-03-2026,,93.2,52.3,1,1,13,0
L10105,Human Resources,Remote,Coordinator,B,AI Awareness,15-01-2026,70.8,172,70.8,1,0,15,1
L10287,Finance,Manchester,Manager,A,ML Foundations,19-03-2026,46.8,152.4,72.4,2,1,31,1
L10431,Customer Support,London,Associate,D,AI Awareness,16-02-2026,47.8,185.5,54.1,3,3,13,0
L10235,Support,London,Specialist,B,Data Literacy,25-01-2026,47.7,58.7,76.4,1,4,4,1
L10475, OPERATIONS ,London,Technician,C,AI Awareness,02-02-2026,68,198.9,43.4,5,2,12,1
L10464,Operations,Manchester,Specialist,C,Data Literacy,09-02-2026,59,98.7,57.8,1,2,10,0
L10530,Information Technology,Unknown,Coordinator,C,Python Basics,04-04-2026,54.8,66.7,73.5,2,2,11,1
L10342,finance,Manchester,Coordinator,B,Python Basics,06-03-2026,59.8,186.5,77.1,5,3,10,1
L10423,HR,Remote,Manager,A,Responsible AI,12-03-2026,26.2,86.8,70.8,3,1,9,1
L10175,Operations,London,Technician,B,ML Foundations,01-03-2026,36.3,156,46,3,1,28,0
L10233,IT,Leeds,Associate,B,Python Basics,12-03-2026,,97.6,75.9,4,2,6,1
L10357,Information Technology,remote ,Associate,A,AI Awareness,07-03-2026,27.1,126.9,45.6,1,1,2,0
L10406,operations,Unknown,Coordinator,B,ML Foundations,28-01-2026,58.7,247.9,14.5,3,5,26,0
L10036,Support,Leeds,Analyst,A,Data Literacy,21-03-2026,55.7,56.5,40.7,5,2,12,1
L10018,Support,Manchester,Associate,B,Data Literacy,26-03-2026,54.3,52.8,79.3,3,1,10,1
L10340,IT,Birmingham,Coordinator,A,Python Basics,14-02-2026,41.7,248.9,81.5,5,5,16,1
L10254, OPERATIONS ,Birmingham,Associate,C,ML Foundations,25-02-2026,71,256.2,67.2,1,5,,0
L10362,IT,Edinburgh,Associate,A,Python Basics,05-01-2026,59.7,57.9,54.6,2,1,13,0
L10384,finance,REMOTE,Associate,C,AI Awareness,26-02-2026,48.7,78.7,53.7,4,4,16,1
L10034,IT,remote ,Associate,B,Data Literacy,08-02-2026,52.9,116.6,55,3,2,6,1
L10095,Operations,Unknown,Analyst,D,AI Awareness,19-03-2026,50.9,188,57.9,2,0,19,1
L10509,IT,Leeds,Analyst,A,AI Awareness,08-02-2026,49.8,1440,32.5,4,1,12,0
L10359,IT,,Coordinator,B,Data Literacy,02-04-2026,52.8,124.8,43.1,2,3,11,0
L10015,Information Technology,,Associate,D,Python Basics,02-03-2026,45.6,92.2,,1,4,24,1
L10336,finance,Cardiff,Associate,D,Data Literacy,25-03-2026,61.4,92.7,58.3,2,1,12,0
L10418,operations,Leeds,Analyst,B,Data Literacy,21-03-2026,53.7,122.2,56.4,4,2,7,1
L10466,Sales,Cardiff,Associate,C,Responsible AI,10-01-2026,53.7,171.3,94.7,5,3,10,1
L10237,Customer Support,London,Analyst,A,Responsible AI,17-03-2026,55.6,59.5,68.9,2,3,12,1
L10277, OPERATIONS ,Edinburgh,Analyst,A,Python Basics,17-02-2026,49.3,143.7,83.1,4,3,12,1
L10398,Information Technology,London,Manager,A,Responsible AI,09-02-2026,73.9,88.8,,1,3,11,1
L10023,HR,London,Manager,D,Python Basics,10-03-2026,50,999,66.5,2,5,11,1
L10488,,Remote,Technician,C,Responsible AI,09-03-2026,41,111.4,64.1,5,4,18,1
L10564,IT,London,Manager,A,ML Foundations,08-03-2026,39,87,70.5,4,1,15,1
L10276,Sales,Birmingham,Associate,B,Data Literacy,20-03-2026,,62.9,57,3,3,14,1
L10255,Information Technology,Bristol,Coordinator,C,ML Foundations,15-03-2026,47.9,241.6,85.8,3,1,16,1
L10313,Operations,London,Coordinator,C,Data Literacy,20-03-2026,69.6,112.8,72.3,3,1,23,1
L10412,Finance,,Coordinator,A,ML Foundations,05-02-2026,33,151.4,58.2,2,2,11,0
L10057,HR,Manchester,Technician,D,Python Basics,13-01-2026,53.3,117,43.1,1,1,17,0
L10310,HR,,Specialist,C,Python Basics,09-02-2026,50.3,153.2,84.5,4,4 tickets,22,1
L10551, OPERATIONS ,Bristol,Technician,B,Data Literacy,16-02-2026,54.7,92.6,,5,3,8,1
L10071,Human Resources,Manchester,Technician,B,AI Awareness,21-03-2026,39,63.4,70.3,2,1,20,1
L10143,HR,Edinburgh,Specialist,C,AI Awareness,13-01-2026,41.8,173.5,79.3,1,4,16,1
L10279,Information Technology,Remote,Associate,C,Data Literacy,26-02-2026,60.5,118,51.7,4,0,10,1
L10147,Human Resources,Remote,Associate,B,Responsible AI,17-01-2026,51.3,151.6,,5,0,0,1
L10442,Support,Remote,Associate,B,Data Literacy,10-03-2026,26,237.7,,5,3,17,1
L10444,Operations,Bristol,Coordinator,C,Python Basics,15-03-2026,35,115.3,87.7,1,3,16,0
L10221,Finance,London,Associate,A,Responsible AI,20-01-2026,,128.7,53.5,3,3,22,0
L10445,sales,Remote,Technician,B,Python Basics,13-01-2026,,66.6,73.3,2,4,7,1
L10081,Sales,Cardiff,Manager,C,Data Literacy,21-01-2026,47.4,113.2,57.8,5,2,16,1
L10126,Human Resources,Remote,Coordinator,B,Data Literacy,16-03-2026,25,154.4,40.5,3,3,10,1
L10515,Sales,Leeds,Coordinator,D,Python Basics,27-02-2026,49.7,90.8,63.9,3,1,23,0
L10572,Information Technology,Bristol,Manager,B,AI Awareness,02-02-2026,37.3,56.2,58,5,1,18,1
L10080,Operations,Leeds,Manager,C,Responsible AI,10-02-2026,53.4,180.5,94.8,2,1,21,1
L10549,Operations,Manchester,Manager,B,Data Literacy,01-03-2026,89.9,50.8,65,5,5,16,1
L10258,Operations,REMOTE,Coordinator,B,Data Literacy,13-03-2026,55.2,140.7,83.1,4,1,10,1
L10334,Customer Support,Manchester,Specialist,B,ML Foundations,18-03-2026,61.5,233.4,57.8,1,3,10,0
L10301,HR,Cardiff,Coordinator,A,ML Foundations,15-02-2026,77.3,191.4,50.2,2,1,8,0
L10219,Customer Support,Manchester,Coordinator,B,Data Literacy,31-01-2026,27.2,177.5,64.5,4,1,13,1
L10260,Sales,remote ,Coordinator,A,Data Literacy,19-02-2026,64.6,174.5,85.9,4,0,20,1
L10596,operations,Manchester,Technician,C,AI Awareness,18-02-2026,59.4,118.5,76.9,4,2,16,1
L10411,Sales,Unknown,Technician,B,ML Foundations,18-03-2026,,184,80.7,2,3,10,1
L10024,Support,Birmingham,Technician,A,Data Literacy,10-02-2026,70.8,178.8,27.6,5,0,13,0
L10540,,Manchester,Technician,C,AI Awareness,21-01-2026,76.5,184.6,78,2,6,12,1
L10223,Support,Bristol,Manager,A,AI Awareness,14-01-2026,72.5,174.1,64.6,1,1,10,1
L10269,IT,London,Analyst,A,Data Literacy,26-03-2026,46.4,68.5,66.5,4,3,17,1
L10051,Information Technology,London,Specialist,A,Data Literacy,01-04-2026,55.8,195.7,26.5,5,2,26,0
L10280,Sales,Birmingham,Analyst,A,Data Literacy,20-02-2026,55,56.6,62.8,2,1,9,0
L10122,IT,,Technician,D,Data Literacy,07-01-2026,33.4,248.1,16.2,3,1,11,0
L10371,sales,Unknown,Coordinator,B,Python Basics,20-03-2026,72.8,247.4,100,2,4,10,1
L10193,IT,Unknown,Technician,C,Python Basics,11-03-2026,50.9,115.2,80.1,1,1,19,1
L10408,Operations,Unknown,Manager,B,ML Foundations,06-01-2026,56.5,183,100,1,2,,1
L10574,Support,Unknown,Manager,D,AI Awareness,16-03-2026,57.1,92.1,50.1,1,3,19,0
L10252,operations,remote ,Associate,C,Data Literacy,15-03-2026,55.8,193.9,51.2,5,1,8,1
L10385,HR,Manchester,Associate,C,Python Basics,24-03-2026,74.1,183.8,86.2,4,3,26,1
L10331,Human Resources,REMOTE,Analyst,A,AI Awareness,06-03-2026,37.2,125.1,76.1,1,3,18,1
L10563, OPERATIONS ,London,Manager,A,Python Basics,01-03-2026,66.7,75.1,84.1,1,5,10,0
L10377,finance,Unknown,Manager,B,Data Literacy,07-02-2026,41.5,243.9,60.5,5,3,13,1
L10453,Customer Support,Unknown,Associate,A,Python Basics,02-02-2026,14.5,84.9,85.1,5,4,9,1
L10566,sales,REMOTE,Specialist,B,Data Literacy,22-03-2026,75.3,145.2,55.7,1,2,17,0
L10031,HR,Birmingham,Associate,D,Python Basics,05-01-2026,40.1,64.3,51.5,2,5,5,0
L10481,Operations,Leeds,Technician,B,Data Literacy,21-03-2026,70.5,240.8,76.5,3,2,12,1
L10268, OPERATIONS ,London,Technician,B,AI Awareness,20-02-2026,49.9,146.1,67,2,1,15,1
L10167,Sales,Manchester,Specialist,B,AI Awareness,28-01-2026,40.1,168.2,82.1,4,2,13,1
L10200, OPERATIONS ,Edinburgh,Specialist,C,AI Awareness,21-01-2026,71.8,118.9,91.6,3,1,11,1
L10367,IT,London,Analyst,B,AI Awareness,20-01-2026,81.4,82.7,66.9,3,2,15,1
L10300,Customer Support,Unknown,Associate,A,AI Awareness,05-02-2026,48.1,53.1,88.3,5,2,,1
L10437,Sales,Birmingham,Manager,D,Data Literacy,26-01-2026,45.9,157.3,55.2,1,1,8,0
L10392,Human Resources,Leeds,Associate,B,ML Foundations,13-01-2026,67,151.5,97.8,3,5,16,1
L10511,Information Technology,Birmingham,Manager,D,Python Basics,27-02-2026,44.2,190.9,40.2,1,0,1,0
L10217,Sales,Cardiff,Manager,B,ML Foundations,31-03-2026,53.9,126.6,68.2,4,0,5,1
L10270,Sales,London,Associate,D,AI Awareness,19-02-2026,73,105.9,57.2,2,0,15,1
L10083, OPERATIONS ,London,Associate,C,Data Literacy,16-03-2026,66.7,249.4,23.2,1,2,10,0
L10456,Support,Remote,Analyst,B,Data Literacy,13-02-2026,43.4,119.7,53.8,2,4,21,0
L10044,Operations,Bristol,Specialist,A,Data Literacy,03-03-2026,70.6,125.9,83.5,3,3,,1
L10569,Operations,Bristol,Associate,A,Data Literacy,16-02-2026,40.3,185.9,62.4,4,2,5,1
L10099,Finance,Unknown,Analyst,A,Data Literacy,04-02-2026,31,188.9,72.5,2,4,8,0
L10585,,Manchester,Analyst,B,Responsible AI,16-01-2026,39.2,132.1,44.6,1,0,23,0
L10430,Sales,Leeds,Coordinator,D,Data Literacy,31-01-2026,59.1,52,,1,5,16,0
L10101,Support,Birmingham,Manager,B,Data Literacy,22-02-2026,64.8,54.5,49.7,1,3,8,1
L10042,finance,London,Coordinator,B,AI Awareness,01-02-2026,37.2,153.7,62.5,5,0,9,1
L10265,Finance,Birmingham,Manager,B,AI Awareness,17-01-2026,42,185.2,73.1,3,2,22,1
L10196,Operations,REMOTE,Technician,C,ML Foundations,02-04-2026,55.3,124.2,,1,6,22,1
L10495,finance,London,Technician,A,AI Awareness,31-03-2026,65,120.1,74.8,4,3,10,1
L10013,Human Resources,Unknown,Technician,B,AI Awareness,14-02-2026,30.6,172.5,,3,2,17,0
L10220,Information Technology,remote ,Associate,C,ML Foundations,26-02-2026,32.9,178.2,64.7,4,1,,1
L10344,Finance,Manchester,Analyst,C,Data Literacy,24-03-2026,60.8,148,62.7,2,2,12,0
L10213,Support,Remote,Coordinator,C,ML Foundations,21-02-2026,30.6,246.6,67.9,1,0,6,1
L10119,HR,London,Manager,A,Data Literacy,01-04-2026,51.7,131.4,72.6,5,2,21,1
L10365,sales,Remote,Analyst,D,AI Awareness,18-03-2026,23.3,147.3,73,1,4,13,1
L10389,IT,Remote,Associate,B,Responsible AI,07-01-2026,26.8,92.9,76.7,4,3,10,1
L10069,,Bristol,Coordinator,B,ML Foundations,18-02-2026,33.9,56.1,39.6,1,3,17,0
L10297,finance,London,Manager,C,Data Literacy,10-02-2026,55.9,82.1,29.7,1,3,10,0
L10172,Sales,Remote,Technician,B,Data Literacy,25-02-2026,,151.7,77.7,1,1,17,1
L10149,Information Technology,London,Associate,C,Python Basics,11-01-2026,48.6,146.3,51.3,1,1,20,0
L10236,Sales,London,Manager,A,Responsible AI,20-01-2026,21.2,53.2,77.8,1,2,16,1
L10592,IT,Manchester,Analyst,B,Data Literacy,15-03-2026,55.3,129.7,100,4,5,17,1
L10547,finance,Cardiff,Manager,D,ML Foundations,19-01-2026,57.7,48.9,54.8,2,3,19,0
L10180,Support,London,Technician,B,Responsible AI,27-03-2026,25.5,150.8,78.9,5,2,13,1
L10100,Support,Bristol,Manager,B,AI Awareness,23-03-2026,51.2,124.1,97,1,3,10,1
L10518,HR,Remote,Technician,D,Responsible AI,18-01-2026,44.4,183.7,100,5,1,25,1
L10127,HR,Bristol,Coordinator,A,ML Foundations,28-03-2026,72,125.8,68.9,3,3,12,0
L10438,HR,Remote,Manager,A,Responsible AI,02-02-2026,67,191.5,50,4,4,11,1
L10528, OPERATIONS ,London,Analyst,D,Data Literacy,22-02-2026,57.6,65.4,99.4,5,2,15,1
L10103,Finance,London,Manager,B,Data Literacy,15-01-2026,44.2,113.4,89.8,5,3,15,1
L10471,HR,Remote,Analyst,B,AI Awareness,04-03-2026,62.1,144.5,37.8,1,3,28,0
L10246,Information Technology,Birmingham,Analyst,D,AI Awareness,01-02-2026,42.9,98.3,73.4,4,0,16,1
L10562,Information Technology,Remote,Coordinator,B,Responsible AI,24-01-2026,64.4,105.8,93.4,3,1,5,1
L10120,Information Technology,London,Analyst,D,AI Awareness,16-03-2026,33.1,133.2,47.4,2,0,14,0
L10076,Information Technology,Manchester,Specialist,A,Python Basics,23-01-2026,79.3,132.7,54.7,2,2,16,1
L10053, OPERATIONS ,London,Associate,A,AI Awareness,23-02-2026,32.4,156.7,65.8,1,2,5,0
L10229,Human Resources,Remote,Coordinator,B,Python Basics,19-02-2026,82,88.5,27.4,4,1,17,0
L10352, OPERATIONS ,Manchester,Specialist,A,AI Awareness,03-03-2026,12.4,185.5,90.7,2,5,6,1
L10110,,Birmingham,Associate,B,Data Literacy,13-03-2026,98.9,176.1,41.5,2,5,9,0
L10007,Support,,Specialist,B,Python Basics,24-01-2026,83.2,185.6,45.8,2,3,14,1
L10025,Operations,Birmingham,Analyst,B,Responsible AI,14-01-2026,57.4,150.7,69,3,1,26,1
L10292,,Manchester,Technician,A,Responsible AI,04-04-2026,50.4,80.5,59,3,2,14,1
L10309,Sales,Remote,Technician,A,ML Foundations,20-02-2026,,121.8,63.4,1,1,19,1
L10560,Human Resources,London,Coordinator,A,Python Basics,05-02-2026,55.7,139.1,,5,1,,0
L10345,Information Technology,Manchester,Associate,A,AI Awareness,20-01-2026,45.8,79.3,52.8,5,1,11,0
L10207,operations,Remote,Technician,B,AI Awareness,27-03-2026,87.8,117.6,59.5,1,2,18,0
L10524,HR,Edinburgh,Analyst,B,AI Awareness,12-02-2026,,147.9,44.9,3,2,18,1
L10020,Human Resources,Manchester,Coordinator,A,AI Awareness,04-02-2026,63.6,132,72.5,3,0,10,1
L10542,IT,remote ,Analyst,B,AI Awareness,11-02-2026,68.9,112.5,56,1,3,18,1
L10009,sales,Birmingham,Associate,A,ML Foundations,12-02-2026,78.4,152.8,84,1,0,26,1
L10578,Information Technology,Remote,Associate,B,ML Foundations,08-02-2026,54.6,170.3,33.1,2,2,25,0
L10581,Customer Support,Manchester,Associate,B,AI Awareness,12-03-2026,40.1,177,75.6,1,3,14,0
L10502,finance,Manchester,Specialist,D,Python Basics,23-01-2026,31.5,97.9,85.2,1,3,17,1
L10378,IT,London,Coordinator,A,Data Literacy,27-02-2026,52.1,120.1,47.7,4,4,19,0
L10460,sales,London,Coordinator,A,Responsible AI,17-03-2026,37.9,234.5,61,3,4,17,1
L10188,Finance,remote ,Manager,B,ML Foundations,14-03-2026,62.3,171.9,81.6,4,5,17,1
L10162, OPERATIONS ,London,Coordinator,C,Python Basics,10-02-2026,61.2,119.9,54.1,,4,2,0
L10447,Finance,Birmingham,Associate,A,Data Literacy,15-03-2026,50.5,96.4,100,5,0,6,1
L10351,Sales,Manchester,Specialist,C,Python Basics,17-01-2026,61.8,179.9,,,2,13,0
L10216,Support,London,Associate,B,ML Foundations,15-03-2026,51.4,121.1,,1,1,17,0
L10485,HR,Leeds,Specialist,D,ML Foundations,22-02-2026,15.6,86.7,57,2,3,16,0
L10514,IT,,Analyst,A,Data Literacy,01-03-2026,74,118.2,67.8,5,0,14,1
L10535,sales,remote ,Associate,D,ML Foundations,12-03-2026,25.4,113.7,72.3,3,2,7,0
L10096,Sales,Leeds,Technician,C,ML Foundations,05-02-2026,22.3,121.2,60.3,1,1,23,0
L10244,sales,London,Analyst,D,Responsible AI,22-02-2026,83.2,175.1,66,5,1,15,1
L10496,Finance,Manchester,Associate,A,Data Literacy,02-03-2026,71.2,115.3,84.8,5,2,25,1
L10014,Sales,Bristol,Coordinator,B,Data Literacy,11-02-2026,53.7,196.4,,2,2,18,0
L10242,IT,Edinburgh,Manager,C,ML Foundations,17-03-2026,52.3,121,73.3,4,2,10,1
L10325,Sales,Manchester,Analyst,B,Python Basics,01-02-2026,44.2,87,60.4,3,3,18,1
L10327,Sales,London,Manager,B,AI Awareness,24-01-2026,25,88.2,78.5,4,2,14,1
L10429,Information Technology,Edinburgh,Analyst,B,AI Awareness,18-03-2026,34.5,87.4,70.3,4,1,10,1
L10491,Operations,Edinburgh,Associate,B,AI Awareness,16-02-2026,88.2,95,80.4,4,1,,1
L10364,IT,Manchester,Associate,B,Data Literacy,16-01-2026,50.3,119.9,75.2,5,2,4,1
L10163,Finance,Remote,Manager,A,Python Basics,24-01-2026,37.2,129.1,55.5,2,2,16,1
L10461,Operations,London,Analyst,A,AI Awareness,17-03-2026,76,98.5,61.6,5,3,3,1
L10459,Support,Cardiff,Coordinator,A,ML Foundations,01-03-2026,42,111.2,37.7,2,4,16,0
L10286,Human Resources,Cardiff,Specialist,A,Responsible AI,18-03-2026,87.5,140.4,,5,1,9,1
L10249,Support,Birmingham,Manager,D,Python Basics,19-03-2026,45.3,130.9,60.2,4,1,25,1
L10264,,Leeds,Coordinator,B,AI Awareness,12-02-2026,36,181.3,54.7,1,4,12,0
L10383,Information Technology,REMOTE,Coordinator,A,Data Literacy,23-02-2026,39.7,177.4,87.8,2,0,16,1
L10293,Customer Support,REMOTE,Technician,B,ML Foundations,23-02-2026,56.8,125.5,73.3,1,0,,1
L10531,Human Resources,Edinburgh,Manager,A,ML Foundations,09-02-2026,46.6,56.7,73.3,3,0,4,1
L10294, OPERATIONS ,Cardiff,Manager,B,Data Literacy,30-01-2026,69.6,98,86.4,1,1,21,1
L10232, OPERATIONS ,Leeds,Specialist,C,Data Literacy,11-03-2026,,140.5,55.9,1,2,13,0
L10559,HR,Birmingham,Coordinator,B,ML Foundations,01-02-2026,14.6,161.7,60.8,4,4,9,0
L10425,sales,Remote,Analyst,C,Data Literacy,29-01-2026,39.4,89.9,42,4,4,16,0
L10304,Customer Support,London,Specialist,D,AI Awareness,01-03-2026,48.9,148.7,39.1,4,1,10,0
L10410,Information Technology,London,Associate,C,Data Literacy,02-03-2026,50.9,55.7,89.3,2,2,9,1
L10568,Sales,Manchester,Analyst,A,Responsible AI,22-02-2026,10.3,89.3,100,4,2,22,1
L10171,Information Technology,Birmingham,Coordinator,A,Responsible AI,03-03-2026,80.4,118.2,69.4,3,5,11,1
L10157,IT,Remote,Associate,B,Data Literacy,14-01-2026,41.4,167.5,65.5,4,3,16,0
L10390, OPERATIONS ,REMOTE,Coordinator,B,Data Literacy,29-01-2026,51.2,126.6,71.6,3,1,7,1
L10307,Human Resources,Cardiff,Analyst,B,Responsible AI,08-02-2026,31.4,117.5,67.1,2,1,11,1
L10409,Finance,London,Coordinator,A,Data Literacy,18-02-2026,22.3,54.5,95.1,5,1,15,1
L10570,,Cardiff,Technician,C,Responsible AI,10-03-2026,63.7,56.3,50.8,5,0,6,1
L10339,HR,,Specialist,C,Data Literacy,07-03-2026,45.9,110.3,41.5,5,1,13,0
L10590,Operations,Remote,Coordinator,C,Python Basics,16-03-2026,93.5,158.3,54.3,4,3,26,0
L10080,Operations,Leeds,Manager,C,Responsible AI,10-02-2026,53.4,180.5,94.8,2,1,21,1
L10349,Operations,London,Manager,C,AI Awareness,17-03-2026,45.3,172.6,70.5,4,2,14,1
L10363,Finance,Unknown,Associate,D,ML Foundations,28-03-2026,41.1,87.9,61.3,5,2,13,1
L10156,Finance,Bristol,Technician,D,Responsible AI,31-01-2026,55.8,151.1,82.6,4,3,13,1
L10179,IT,Leeds,Associate,C,AI Awareness,01-03-2026,73.7,137.1,63.1,3,1,22,1
L10152,,Birmingham,Specialist,A,AI Awareness,28-01-2026,50,75.6,72.6,2,1,19,1
L10151,Information Technology,remote ,Technician,B,Data Literacy,28-03-2026,70.9,84,53.7,3,3,21,0
L10078,Finance,Bristol,Technician,A,Responsible AI,06-03-2026,38.9,242.4,53.9,3,2,14,0
L10591,Information Technology,London,Manager,C,AI Awareness,26-03-2026,50.7,123.5,52.4,3,2,11,1
L10140,Finance,Bristol,Technician,D,ML Foundations,01-04-2026,58.1,92.8,97.4,3,2,12,1
L10504,finance,London,Manager,B,AI Awareness,10-01-2026,,109.1,87.4,4,2,10,1
L10441,Operations,London,Analyst,C,Responsible AI,15-03-2026,,171,89,2,1,8,1
L10092,Human Resources,Edinburgh,Manager,B,Data Literacy,15-02-2026,26,127.7,51,5,1,7,1
L10546, OPERATIONS ,Bristol,Technician,B,Python Basics,27-02-2026,38.9,64.7,72.3,2,5,17,0
L10586,Customer Support,Edinburgh,Specialist,C,Python Basics,05-02-2026,74.3,105.1,81,2,2,21,1
L10319,Information Technology,Remote,Technician,C,AI Awareness,20-01-2026,66.3,134,71.8,2,2,9,1
L10131,Customer Support,Manchester,Analyst,B,AI Awareness,24-01-2026,-10,90.8,43,4,2,13,0
L10197,Human Resources,Cardiff,Analyst,C,ML Foundations,19-02-2026,68.3,74.5,84.3,1,3,14,1
L10419,IT,Edinburgh,Technician,B,Responsible AI,18-01-2026,42.5,148.7,50.3,2,1,17,0
L10516,Operations,London,Manager,B,Data Literacy,15-03-2026,48.8,49.7,71.2,4,2,23,1
L10104,Customer Support,Manchester,Specialist,B,Python Basics,26-03-2026,36.6,95.9,61.1,1,4,7,0
L10593,sales,Manchester,Technician,B,ML Foundations,10-01-2026,52.7,122.5,,1,4,24,0
L10478,Information Technology,Unknown,Technician,A,AI Awareness,09-03-2026,59.3,94.5,61.4,4,4,10,1
L10107, OPERATIONS ,Bristol,Technician,A,Data Literacy,27-01-2026,59.8,231.1,91.7,1,1,17,1
L10199,Sales,Bristol,Associate,A,Data Literacy,30-01-2026,62.1,158,83.1,2,1,13,1
L10356,finance,REMOTE,Specialist,A,Data Literacy,12-01-2026,62.6,102.3,33.6,4,1,4,0
L10565,Operations,Remote,Technician,C,Data Literacy,28-01-2026,44.1,154.9,67.2,2,4,3,1
L10449,Sales,Manchester,Coordinator,B,ML Foundations,02-03-2026,125,111,89,2,3,10,1
L10521,Finance,Bristol,Associate,B,Data Literacy,15-03-2026,39.2,149.2,32.2,2,2,18,0
L10582,HR,Remote,Specialist,B,ML Foundations,13-03-2026,64.9,185,77.3,1,5,14,1
L10133,operations,Bristol,Associate,D,AI Awareness,11-01-2026,62.7,105.1,49.5,2,3,16,0
L10118,HR,Birmingham,Manager,A,AI Awareness,01-03-2026,65.7,125.4,74.4,5,3,18,1
L10370,sales,Manchester,Coordinator,B,Data Literacy,10-03-2026,55.8,105.1,79.8,3,1,17,1
L10302,sales,Remote,Associate,A,Data Literacy,26-01-2026,31.9,116.8,95.6,4,0,10,1
L10134,HR,,Specialist,A,AI Awareness,12-01-2026,-10,169.3,71.5,2,1 tickets,16,1
L10446,Finance,Leeds,Technician,B,ML Foundations,10-03-2026,78.2,1440,75,3,3,13,1
L10457,Human Resources,Manchester,Technician,B,AI Awareness,21-01-2026,47,94.5,91.8,4,0,13,1
L10162, OPERATIONS ,London,Coordinator,C,Python Basics,10-02-2026,61.2,119.9,54.1,,4,2,0
L10432,operations,Birmingham,Coordinator,D,Responsible AI,03-04-2026,45.4,243.1,67.1,3,3,16,1
L10005,Human Resources,Bristol,Analyst,C,ML Foundations,16-02-2026,32.8,122.3,62.8,3,1,12,1
L10278,Information Technology,REMOTE,Specialist,C,Data Literacy,28-01-2026,39.9,154.4,77.8,4,1,17,1
L10424,Finance,London,Analyst,B,ML Foundations,19-02-2026,84.7,138.5,43.8,2,0,11,1
L10282,sales,,Associate,D,Python Basics,12-03-2026,30.7,196.4,51.1,4,2 tickets,15,0
L10315,Human Resources,,Technician,B,ML Foundations,05-03-2026,44,97.3,77.5,3,3,6,0
L10409,Finance,London,Coordinator,A,Data Literacy,18-02-2026,22.3,54.5,95.1,5,1,15,1
L10115,IT,Manchester,Manager,A,AI Awareness,07-02-2026,92,105.1,76.9,3,2,16,1
L10416,finance,Remote,Analyst,A,Data Literacy,06-01-2026,81.1,59.8,44,3,4,9,0
L10075,Sales,London,Associate,A,ML Foundations,30-03-2026,50.5,118.5,62.3,4,2,6,1
L10494,operations,Leeds,Coordinator,D,Data Literacy,19-02-2026,51.8,58.5,66.9,5,2,16,1
L10462,Human Resources,Cardiff,Associate,A,AI Awareness,04-03-2026,30.1,90.2,80.8,3,2,,1
L10539,Operations,London,Coordinator,A,AI Awareness,23-02-2026,93.2,66.1,59.1,1,2,13,0
L10333,Information Technology,Unknown,Specialist,B,Data Literacy,20-02-2026,44.8,245.3,45.3,3,1,20,0
L10208,operations,London,Technician,A,Data Literacy,25-01-2026,59.1,147.3,,3,1,6,1
L10206,IT,Bristol,Technician,A,AI Awareness,07-02-2026,43.4,177.1,91.9,5,3,10,1
L10073,Support,Manchester,Technician,A,Data Literacy,11-03-2026,42.6,116.6,57.9,2,2,25,1
L10008,Customer Support,Unknown,Specialist,B,Data Literacy,19-01-2026,,150.2,80.3,3,2,16,1
L10222,Operations,Edinburgh,Manager,A,Python Basics,05-02-2026,40.4,152.6,66.3,1,2,22,0
L10045,Support,Birmingham,Manager,A,AI Awareness,18-02-2026,42.4,112.1,74.8,3,4,18,1
L10262,IT,Birmingham,Technician,C,Python Basics,02-04-2026,65.4,168.5,60,3,4,25,0
L10027,,Manchester,Manager,A,Data Literacy,29-01-2026,67.5,119.2,64.6,1,3,16,1
L10003,Finance,Manchester,Analyst,B,Python Basics,24-03-2026,,125.5,85.9,5,2,19,1
L10323,Support,London,Technician,C,ML Foundations,07-01-2026,48.9,186.2,82.5,3,2,,0
L10016,Support,Unknown,Coordinator,C,Data Literacy,02-03-2026,,131.1,60.5,1,2,19,0
L10239, OPERATIONS ,Bristol,Manager,A,AI Awareness,19-01-2026,68.6,143.4,72.6,2,2,6,1
L10041, OPERATIONS ,remote ,Specialist,C,Data Literacy,07-01-2026,62.8,154.4,59.4,1,1,,0
L10176, OPERATIONS ,London,Specialist,A,AI Awareness,11-02-2026,-10,53.4,76.7,3,2,3,1
L10272,Finance,REMOTE,Coordinator,C,AI Awareness,23-01-2026,68.4,239.9,53.1,1,1,13,1
L10387, OPERATIONS ,Remote,Technician,A,ML Foundations,15-02-2026,41.9,189.8,91.3,4,1,20,1
L10479,Finance,Birmingham,Specialist,B,Data Literacy,20-01-2026,69.4,144.4,23.7,2,1,9,0
L10079,Finance,,Coordinator,A,Responsible AI,21-03-2026,33.9,81.9,35.4,4,3,12,0
L10402,Customer Support,Bristol,Specialist,C,AI Awareness,06-01-2026,49.7,182.6,47.4,3,5,15,0
L10164,operations,Remote,Specialist,C,Data Literacy,10-03-2026,86.6,155.8,81.6,3,0,18,1
L10407,,Birmingham,Manager,D,Data Literacy,20-02-2026,56.7,83.6,89,2,3,16,1
L10059,Human Resources,Cardiff,Manager,A,Python Basics,05-01-2026,42,182.3,64.1,4,0,16,1
L10480,sales,Manchester,Analyst,C,Python Basics,28-02-2026,44.8,146.1,87.4,5,1,17,1
L10393,Sales,Remote,Associate,B,Responsible AI,11-01-2026,45.6,248.1,60.5,2,1,15,0
L10493,,Unknown,Analyst,B,Python Basics,16-03-2026,71.5,62.6,66.3,2,2,,1
L10533,Finance,Remote,Specialist,C,Responsible AI,21-01-2026,,229.8,81,3,1,11,1
L10183,operations,Remote,Associate,A,ML Foundations,18-01-2026,39.2,76.8,57.6,5,4,18,0
L10320,operations,Bristol,Associate,A,Python Basics,25-03-2026,34.4,141.7,58.6,3,2,17,1
L10177,operations,Remote,Manager,A,ML Foundations,11-03-2026,46.2,103.1,80.9,1,2,19,1
L10550, OPERATIONS ,Cardiff,Specialist,D,ML Foundations,23-02-2026,65.9,150.3,77,5,2,13,1
L10093,Information Technology,London,Analyst,A,AI Awareness,09-01-2026,56,220.9,76.8,3,1,14,1
L10168, OPERATIONS ,Leeds,Manager,B,AI Awareness,08-02-2026,56.3,139.7,53,4,4,15,0
L10201,Finance,Manchester,Coordinator,B,Responsible AI,25-02-2026,53.7,-30,55.4,5,3,11,1
L10082,Customer Support,London,Analyst,A,ML Foundations,31-01-2026,36.3,119.7,72.4,4,1,22,1
L10025,Operations,Birmingham,Analyst,B,Responsible AI,14-01-2026,57.4,150.7,69,3,1,26,1
L10158,Support,Remote,Manager,B,ML Foundations,07-02-2026,48.7,243.4,82.7,4,1,23,1
L10085,IT,Manchester,Analyst,A,Python Basics,22-02-2026,17.6,53.2,50.1,4,0,13,1
L10191,operations,Bristol,Coordinator,B,Data Literacy,17-03-2026,42.8,182.5,55.1,2,1,12,0
L10153,sales,London,Analyst,A,AI Awareness,19-01-2026,62.8,181.8,33,5,1,25,0
L10154,Sales,Leeds,Associate,D,Data Literacy,12-03-2026,48.5,158,43.7,3,5,17,0
L10130,Information Technology,Edinburgh,Associate,B,Python Basics,12-01-2026,67.4,180.3,71.3,1,2,13,1
L10405,Operations,London,Technician,B,Python Basics,27-02-2026,66.2,176,54.1,1,0,26,1
L10397,Sales,,Coordinator,A,AI Awareness,12-02-2026,39.6,63.4,59.7,3,3 tickets,9,0
L10372,operations,Remote,Technician,B,Responsible AI,30-03-2026,64.3,176.5,55.3,4,1,11,1
L10487,Information Technology,Leeds,Associate,C,Python Basics,17-03-2026,49.2,94.8,87.8,2,5,18,1
L10452,sales,Bristol,Technician,C,Data Literacy,11-02-2026,76.9,178.4,45.9,3,0,5,1
L10010,HR,London,Specialist,A,Responsible AI,03-02-2026,52.6,186.3,150,1,4,20,0
L10086,Customer Support,Leeds,Associate,A,AI Awareness,15-02-2026,100,238.1,67.9,2,5,14,1
L10035,operations,Bristol,Manager,C,Data Literacy,03-02-2026,55.1,154.6,73.3,3,5,20,1
L10588,Sales,Birmingham,Analyst,C,ML Foundations,17-01-2026,47,103.2,90,2,1,17,1
L10213,Support,Remote,Coordinator,C,ML Foundations,21-02-2026,30.6,246.6,67.9,1,0,6,1
L10381,Support,Cardiff,Technician,C,Data Literacy,23-02-2026,51.6,190.5,61.7,1,3,15,0
L10028,Operations,Leeds,Specialist,D,Data Literacy,07-03-2026,64.6,84,83.2,4,1,6,1
L10050,Information Technology,Leeds,Coordinator,A,Data Literacy,25-01-2026,61.6,92.8,83.3,2,1,21,1
L10311,Operations,,Technician,C,Python Basics,28-03-2026,-10,119,54.2,4,3 tickets,20,0
L10303,operations,Birmingham,Manager,A,Python Basics,11-03-2026,,84.1,,4,2,7,1
L10117,Finance,London,Manager,B,ML Foundations,06-02-2026,52.6,91.6,44,5,1,9,0
L10107, OPERATIONS ,Bristol,Technician,A,Data Literacy,27-01-2026,59.8,231.1,91.7,1,1,17,1
L10198,Operations,Unknown,Manager,D,AI Awareness,06-03-2026,77.2,247.8,100,2,1,13,1
L10159,finance,REMOTE,Associate,B,Data Literacy,07-03-2026,2.6,57.7,60.7,,2,20,1
L10281,finance,remote ,Technician,B,ML Foundations,23-02-2026,36.9,185.3,58.5,5,3,13,1
L10074,operations,Manchester,Specialist,A,Responsible AI,15-03-2026,68,129.2,59.9,2,2,18,1
L10558,operations,London,Associate,D,Data Literacy,13-02-2026,57.2,125.1,94.6,1,3,17,1
L10353, OPERATIONS ,Birmingham,Manager,B,Python Basics,27-03-2026,60,155.3,60.5,3,1,22,0
L10029,finance,Unknown,Coordinator,C,ML Foundations,07-02-2026,,87,69.9,3,1,15,1
L10335,Sales,London,Coordinator,A,Data Literacy,22-02-2026,24.8,83.9,100,2,3,21,1
L10435, OPERATIONS ,Edinburgh,Manager,B,AI Awareness,20-01-2026,56.2,170.3,46.2,2,2,12,0
L10454,sales,Remote,Manager,B,Data Literacy,04-02-2026,34.2,168.9,73.8,1,2,16,0
L10011,Human Resources,Birmingham,Specialist,C,Python Basics,23-01-2026,66.3,91.1,100,2,1,7,1
L10142,,Unknown,Specialist,C,ML Foundations,22-03-2026,34.1,140.4,35.9,4,2,6,0
L10394,IT,London,Specialist,A,Responsible AI,16-01-2026,25.8,124.7,65.7,5,5,14,1
L10545,Customer Support,Manchester,Technician,A,Responsible AI,23-03-2026,26.8,73.6,69.5,,1,20,1
L10508,operations,Leeds,Technician,D,ML Foundations,06-01-2026,43,96.1,83.1,5,4,10,1
L10285,,Remote,Associate,B,Data Literacy,13-01-2026,42.2,190.5,63.4,2,3,12,0
L10517,Finance,Unknown,Analyst,B,Python Basics,14-02-2026,100,121.6,,2,1,22,1
L10067,Support,Birmingham,Manager,A,Data Literacy,26-03-2026,79.6,253.9,999,4,2,22,1
L10523,Sales,London,Specialist,A,Data Literacy,30-03-2026,30.6,84.4,75.3,5,2,11,1
L10338,Information Technology,Unknown,Analyst,B,ML Foundations,31-03-2026,32.2,108.7,45.3,5,4,9,0
L10324,Support,Remote,Coordinator,D,Data Literacy,11-02-2026,45.4,90.7,48.7,2,4,21,0
L10451,IT,remote ,Technician,B,AI Awareness,25-02-2026,90.5,179.8,57.5,2,2,12,1
L10375,Finance,Remote,Coordinator,A,AI Awareness,10-03-2026,72.6,139.9,62.3,4,0,13,1
L10329,Finance,Birmingham,Coordinator,B,Python Basics,16-02-2026,56.9,54.9,40.2,1,1,13,0
L10298,Finance,REMOTE,Manager,D,Data Literacy,21-02-2026,65.3,85.2,75,3,1,10,1
L10314,operations,Unknown,Coordinator,A,ML Foundations,28-01-2026,24.6,97.7,55.1,5,4,7,0
L10248,Support,London,Specialist,B,AI Awareness,21-01-2026,52.7,113.7,86.3,2,2,16,1
L10483,Sales,Manchester,Technician,B,Responsible AI,20-02-2026,54.9,227.8,57.2,5,0,14,1
L10263,sales,Manchester,Analyst,D,AI Awareness,24-01-2026,59,159.9,86,1,1,11,1
L10433,Finance,Leeds,Specialist,B,ML Foundations,14-02-2026,55,242,100,3,0,15,1
L10386,Customer Support,Remote,Coordinator,B,AI Awareness,12-03-2026,55.2,153.4,82.9,3,3,10,1
L10473,Information Technology,Unknown,Analyst,A,AI Awareness,25-02-2026,,178.2,53.6,1,2,17,0
L10305,Customer Support,Remote,Specialist,C,ML Foundations,05-01-2026,51.3,141.3,57.4,1,1,16,1
L10341,sales,Leeds,Specialist,B,Python Basics,22-02-2026,47.6,180,69.2,5,1,20,1
L10019,HR,Bristol,Analyst,C,ML Foundations,28-01-2026,,183.1,79,5,2,12,1
L10587,Operations,London,Specialist,A,ML Foundations,19-01-2026,62.8,181.4,70.6,5,0,8,1
L10121,Finance,,Specialist,B,AI Awareness,16-03-2026,52.7,159.4,90.7,2,2 tickets,,1
L10484, OPERATIONS ,,Analyst,B,AI Awareness,26-01-2026,58.9,94.5,82.1,3,1,18,1
L10506,operations,Leeds,Manager,B,Responsible AI,27-02-2026,,148.9,65.1,3,1,20,1
L10532,Customer Support,Leeds,Analyst,A,AI Awareness,21-02-2026,12.7,93.8,18.4,2,3,12,0
L10136, OPERATIONS ,Unknown,Manager,D,ML Foundations,09-01-2026,32.1,86.3,70.2,3,3,17,0
L10498,Human Resources,Remote,Manager,A,AI Awareness,09-02-2026,63,91,83.3,3,4,7,1
L10202,Customer Support,Birmingham,Specialist,A,Python Basics,13-02-2026,40.3,113.3,62.6,1,3,16,1
L10084,Sales,Birmingham,Manager,B,Responsible AI,09-02-2026,50.5,235.1,70.6,2,3,30,0
L10521,Finance,Bristol,Associate,B,Data Literacy,15-03-2026,39.2,149.2,32.2,2,2,18,0
L10113,IT,Manchester,Manager,B,Responsible AI,18-03-2026,77.9,237.5,22.1,4,2,21,0
L10184,Human Resources,remote ,Associate,B,ML Foundations,17-03-2026,,112.6,61.6,5,1,21,1
L10043,Information Technology,Birmingham,Coordinator,C,Data Literacy,18-02-2026,58.8,150.5,52,1,3,23,0
L10583,Support,Remote,Technician,B,AI Awareness,08-02-2026,53.2,109,80.1,5,1,8,1
L10505,Customer Support,,Manager,A,ML Foundations,27-01-2026,52.8,58,62.2,3,3,9,0
L10541,Information Technology,Remote,Specialist,B,Data Literacy,31-01-2026,35.4,83,51.5,2,4,13,0
L10061,Sales,remote ,Manager,C,Data Literacy,17-01-2026,86.8,177.4,150,3,1,21,1
L10087,Information Technology,Remote,Technician,C,ML Foundations,04-03-2026,39.9,120.1,79.6,4,2,12,1
L10544,HR,Birmingham,Coordinator,C,AI Awareness,22-01-2026,40,130.8,51.8,2,3,11,0
L10226,sales,Bristol,Analyst,B,Responsible AI,16-03-2026,35.1,188.2,91.6,5,2,14,1
L10470,Finance,Remote,Coordinator,C,ML Foundations,05-02-2026,58.1,167.9,100,5,2,12,1
L10291,Support,Cardiff,Analyst,C,Data Literacy,13-01-2026,67.5,147.8,100,1,2,9,1
L10579,IT,Birmingham,Associate,A,Responsible AI,27-03-2026,72,84.7,150,3,2,7,0
L10111,Support,London,Manager,D,Responsible AI,29-03-2026,75,104.7,85.2,3,3,11,1
L10033,Operations,Remote,Associate,B,AI Awareness,27-03-2026,28,175.7,92.1,2,0,10,1
L10173,IT,Edinburgh,Coordinator,D,AI Awareness,05-01-2026,28.3,150.9,88.3,3,0,19,1
L10000,Customer Support,Birmingham,Specialist,A,ML Foundations,05-02-2026,,123.3,64.2,5,3,13,1
L10135,Support,Unknown,Specialist,A,Data Literacy,07-01-2026,30.1,109.4,,1,2,21,0
L10465,sales,Cardiff,Manager,C,AI Awareness,04-02-2026,53.4,230.4,72.1,2,2,21,1
L10358,Finance,London,Technician,A,Data Literacy,04-03-2026,45.4,125.7,41.3,5,1,15,0
L10194,Finance,Remote,Associate,B,ML Foundations,18-03-2026,81.3,82.7,87.6,5,0,9,1
L10225,Support,Bristol,Technician,A,Data Literacy,04-03-2026,64.2,105.4,49.5,2,3,30,0
L10326,Information Technology,Birmingham,Manager,B,Responsible AI,06-02-2026,56.4,180.1,85.4,1,3,3,1
L10513,finance,Leeds,Analyst,C,Python Basics,07-01-2026,60.5,167.7,56,2,3,21,0
L10190,Operations,Unknown,Analyst,B,Data Literacy,15-01-2026,,150.4,,2,3,24,1
L10529,Support,Manchester,Analyst,D,Data Literacy,25-03-2026,61.9,54.5,83,1,2,24,1
L10243,Information Technology,Bristol,Associate,B,Data Literacy,20-03-2026,43,188.7,50.8,5,3,11,1
L10266,operations,Remote,Manager,A,Responsible AI,15-02-2026,31,186.3,67.6,5,3,25,1
L10537, OPERATIONS ,Manchester,Analyst,A,Python Basics,11-02-2026,49.3,126,59.3,4,1,17,1
L10048,Information Technology,Bristol,Technician,B,ML Foundations,05-02-2026,55.5,88.7,68.1,2,1,5,0
L10204,IT,London,Associate,B,AI Awareness,13-01-2026,63.3,148.4,100,3,3,11,1
L10102,Customer Support,London,Specialist,A,Python Basics,26-01-2026,47,144.3,63.2,5,7,4,1
L10066,Customer Support,Cardiff,Analyst,C,AI Awareness,01-04-2026,55.2,125.2,66.7,4,0,11,0
L10022,Information Technology,Leeds,Manager,D,Data Literacy,14-02-2026,68.5,154.9,56.8,3,2,12,0
L10597,Customer Support,REMOTE,Associate,B,Python Basics,23-01-2026,59.7,129.2,60,1,1,13,1
L10463,operations,Birmingham,Manager,B,ML Foundations,30-03-2026,77.3,113.1,80.7,5,2,21,1
L10510,finance,Unknown,Manager,A,Data Literacy,22-03-2026,62,172,58,5,5,15,1
L10332,Operations,London,Analyst,B,Python Basics,03-04-2026,67.2,122.8,61.5,3,3,16,1
L10350,HR,Remote,Manager,A,AI Awareness,09-01-2026,49.6,240.8,52.8,2,1,22,1
L10253,operations,London,Specialist,B,ML Foundations,14-01-2026,72,115.6,,4,5,13,1
L10467,,Bristol,Associate,C,Data Literacy,16-02-2026,32.4,176.7,70.7,4,6,17,1
L10469,Operations,Cardiff,Coordinator,A,Data Literacy,29-01-2026,100,144.8,77.4,4,2,22,1
L10161,Information Technology,Remote,Manager,A,AI Awareness,30-03-2026,64.3,153.6,29.9,1,2,18,0
L10374,Sales,Remote,Manager,A,Data Literacy,05-02-2026,65.9,80.1,72.4,5,0,14,1
L10064,,Remote,Associate,A,AI Awareness,13-02-2026,73,126.3,77,5,2,12,1
L10420,HR,Cardiff,Manager,C,ML Foundations,24-02-2026,25.2,157.3,53.9,5,2,17,1
L10203,Customer Support,Unknown,Specialist,C,ML Foundations,17-01-2026,62.9,249.8,52.6,3,3,11,1
L10526,sales,Manchester,Coordinator,B,Data Literacy,12-02-2026,66.3,125.2,48.1,3,4,20,1
L10167,Sales,Manchester,Specialist,B,AI Awareness,28-01-2026,40.1,168.2,82.1,4,2,13,1
L10567,Information Technology,Birmingham,Specialist,A,AI Awareness,19-02-2026,40.1,48.1,45.5,5,4,20,0
L10224,Human Resources,Birmingham,Technician,C,Responsible AI,31-03-2026,72.8,89.8,100,3,0,13,1
L10209,Finance,London,Associate,A,AI Awareness,01-04-2026,19.1,125.5,61.9,1,0,14,0
L10573,Operations,Edinburgh,Manager,B,Responsible AI,06-01-2026,77.6,149.3,90.3,2,2,12,1
L10497,Customer Support,Birmingham,Specialist,A,ML Foundations,28-03-2026,66.7,120.2,64.6,5,3,9,0
L10306,Customer Support,Edinburgh,Technician,C,ML Foundations,28-02-2026,57.3,114.9,71.7,3,4,22,1
L10169, OPERATIONS ,Remote,Coordinator,A,AI Awareness,17-01-2026,56.6,72.5,36.6,5,5,18,0
L10366,operations,Leeds,Technician,C,Responsible AI,24-03-2026,49.7,94.2,53.5,4,2,24,0
L10354,IT,remote ,Specialist,B,Data Literacy,23-01-2026,54.8,118.1,53.8,5,1,14,0
L10584,Sales,London,Technician,A,AI Awareness,02-04-2026,51.3,44.9,73.5,5,1,17,1
L10413,finance,London,Technician,B,Python Basics,30-03-2026,58.6,55.7,44.9,3,2,6,0
L10230,sales,London,Technician,A,Data Literacy,07-01-2026,66.5,117.7,,5,1,9,0
L10046,Sales,Birmingham,Specialist,C,AI Awareness,03-03-2026,64.2,122.7,53,2,2,17,1
L10500,Customer Support,Cardiff,Specialist,B,Data Literacy,05-01-2026,75.2,82.6,55.4,3,2,12,0
L10240,Human Resources,London,Coordinator,B,Python Basics,15-03-2026,60.3,82.8,,2,0,8,1
L10399,Finance,Birmingham,Technician,C,AI Awareness,26-01-2026,54.9,117.4,24,2,3,10,0
L10247,sales,Bristol,Analyst,A,Data Literacy,18-01-2026,67.9,113,89.9,4,1,27,1
L10455,Operations,Cardiff,Technician,C,Data Literacy,24-01-2026,39.4,-30,66.6,4,6,8,0
L10205,HR,London,Coordinator,A,ML Foundations,22-02-2026,54.7,178.4,94.5,5,2,21,1
L10371,sales,Unknown,Coordinator,B,Python Basics,20-03-2026,72.8,247.4,100,2,4,10,1
L10108, OPERATIONS ,Leeds,Technician,C,AI Awareness,06-03-2026,37.3,132.9,44.2,1,3,20,0
L10219,Customer Support,Manchester,Coordinator,B,Data Literacy,31-01-2026,27.2,177.5,64.5,4,1,13,1
L10290,operations,,Specialist,A,Data Literacy,29-01-2026,69.1,139.3,70.8,4,4 tickets,24,1
L10001,IT,London,Specialist,D,Data Literacy,31-03-2026,,183.9,57.1,2,2,29,0
L10328,Sales,London,Technician,D,Python Basics,16-01-2026,85.8,113.6,53.7,4,3,12,1
L10507,Support,Leeds,Coordinator,B,Responsible AI,20-01-2026,58.4,184.5,58.1,2,1,17,0
L10576,IT,Edinburgh,Technician,C,Python Basics,05-02-2026,57,79.7,94.4,4,0,11,1
L10552,sales,Unknown,Specialist,C,ML Foundations,20-01-2026,66.1,45,33.2,3,6,14,0
L10403,Human Resources,London,Associate,A,Data Literacy,31-03-2026,40.9,150,52.9,2,1,31,0
L10536, OPERATIONS ,Edinburgh,Technician,D,Data Literacy,20-01-2026,71,126.8,63.4,1,0,14,0
L10261,finance,Leeds,Technician,B,AI Awareness,27-01-2026,,181.7,53.2,4,3,8,0
L10388,Information Technology,Manchester,Associate,D,AI Awareness,23-03-2026,79.3,81.8,62.3,4,1,22,1
L10144,Sales,Manchester,Coordinator,C,ML Foundations,06-01-2026,42.4,154.1,76.4,4,2,16,1
L10440,Customer Support,remote ,Coordinator,C,ML Foundations,10-01-2026,56.6,201.2,41.4,3,5,6,0
L10186,Operations,London,Specialist,A,AI Awareness,04-02-2026,66.3,238.8,36.4,1,0,12,0
L10052,HR,Manchester,Manager,A,Data Literacy,13-03-2026,59.6,90.6,48.4,4,4,,1
L10355, OPERATIONS ,REMOTE,Specialist,A,Data Literacy,08-03-2026,19.1,177.8,34.5,1,2,23,0
L10245,Customer Support,London,Analyst,A,ML Foundations,12-02-2026,55.3,89.6,,1,1,11,0
L10058,Operations,Cardiff,Associate,D,AI Awareness,10-01-2026,71.5,126.3,81.2,3,3,6,1
L10434,Operations,Cardiff,Specialist,B,AI Awareness,27-03-2026,93,104.3,,4,2,15,1
L10575,sales,Leeds,Specialist,B,Python Basics,03-02-2026,48.6,87,66.4,3,6,7,1
L10182,IT,Birmingham,Coordinator,A,Responsible AI,28-03-2026,74.6,114,49.1,2,3,23,0
L10492,Finance,Edinburgh,Specialist,B,AI Awareness,08-01-2026,42.9,120.9,64.6,3,1,7,0
L10348,finance,remote ,Analyst,B,ML Foundations,07-01-2026,29.4,115.2,67.9,3,1,17,0
L10058,Operations,Cardiff,Associate,D,AI Awareness,10-01-2026,71.5,126.3,81.2,3,3,6,1
L10443,operations,Edinburgh,Specialist,B,ML Foundations,02-03-2026,37.2,114,75.5,4,1,12,1
L10360,Sales,Unknown,Manager,C,ML Foundations,30-03-2026,50.7,67.5,68,4,3,9,1
L10049,operations,remote ,Associate,A,ML Foundations,07-03-2026,79.9,116.9,75,5,4,13,1
L10312,Operations,Bristol,Associate,B,ML Foundations,01-03-2026,33.1,101,50.4,,4,10,0
L10137,Information Technology,Manchester,Associate,D,AI Awareness,11-01-2026,57.4,77.8,73,5,0,22,1
L10486,operations,Edinburgh,Coordinator,A,ML Foundations,22-01-2026,40.8,151.9,42.6,3,0,1,0
L10275,HR,Remote,Manager,C,Python Basics,03-03-2026,50.6,124.2,72,2,2,12,1
L10395,Sales,Manchester,Specialist,C,Data Literacy,25-02-2026,70.1,165.5,50.5,1,0,19,0
L10129,IT,London,Manager,B,Data Literacy,18-03-2026,,110.3,95.5,4,0,10,1
L10214,sales,London,Manager,C,Responsible AI,27-03-2026,100,108,37.3,3,4,,0
L10274,Operations,London,Manager,C,AI Awareness,10-01-2026,26.6,88.2,68.8,5,3,30,1
L10012,Information Technology,,Coordinator,D,AI Awareness,22-02-2026,48.9,77.7,81.8,3,0,15,1
L10234,IT,Unknown,Specialist,B,Python Basics,20-01-2026,60.7,80.7,72.4,1,3,2,0
L10477,Operations,London,Coordinator,A,Responsible AI,03-04-2026,64.7,172.3,26.4,2,1,19,0
L10472,Customer Support,Leeds,Specialist,B,Responsible AI,25-01-2026,,114.7,77.8,4,2,5,1
L10187,finance,Edinburgh,Manager,A,ML Foundations,21-02-2026,45.3,253.8,71.5,5,1,25,1
L10238,Operations,REMOTE,Analyst,A,ML Foundations,06-03-2026,61.3,152.8,68.3,3,2,17,1
L10417,Operations,Bristol,Associate,B,Responsible AI,18-02-2026,69,98.7,94.2,2,1,14,1
L10347,Sales,London,Coordinator,B,Responsible AI,03-02-2026,41,131.6,67.8,4,3,25,1
L10241,sales,Birmingham,Technician,B,AI Awareness,23-02-2026,56.4,68.2,62.7,4,1,10,0
L10296,sales,Manchester,Coordinator,B,Responsible AI,30-03-2026,17,168.1,60,4,7,10,0
L10571,Customer Support,Birmingham,Associate,D,Python Basics,10-02-2026,86.3,90.1,60.4,5,1,20,1
L10436, OPERATIONS ,London,Manager,B,Python Basics,10-02-2026,37.3,176.1,100,1,4,14,1
L10534,Human Resources,Birmingham,Manager,A,ML Foundations,05-03-2026,63.7,64,100,3,1,16,1
L10577,IT,Birmingham,Technician,B,Responsible AI,20-02-2026,,53,66,3,0,15,1
L10125,HR,Edinburgh,Specialist,A,Data Literacy,13-03-2026,73.8,126.6,77.8,1,4,,1
L10056,Sales,Birmingham,Coordinator,B,AI Awareness,03-02-2026,26.4,177,85.9,3,2,20,1
L10501,IT,Edinburgh,Specialist,D,ML Foundations,21-03-2026,26.8,122.8,33.9,2,3,6,0
L10348,finance,remote ,Analyst,B,ML Foundations,07-01-2026,29.4,115.2,67.9,3,1,17,0
L10382,sales,Manchester,Coordinator,B,ML Foundations,19-03-2026,65.3,122.1,40.7,4,0,10,0
